{
"type": "FeatureCollection",
"name": "impact_by_admin",
"crs": { "type": "name", "properties": { "name": "urn:ogc:def:crs:OGC:1.3:CRS84" } },
"features": [
{ "type": "Feature", "properties": { "GID_2": "VEN.4.1_1", "GID_0": "VEN", "COUNTRY": "Venezuela", "GID_1": "VEN.4_1", "NAME_1": "Aragua", "NL_NAME_1": "NA", "NAME_2": "Bolívar", "VARNAME_2": "NA", "NL_NAME_2": "NA", "TYPE_2": "Municipio", "ENGTYPE_2": "Municipality", "CC_2": "NA", "HASC_2": "NA", "impact_feature_count": 20, "impact_area_km2": 0.0011849616372292229, "pop_total": 36297.759998321533, "pop_exposed": 2445.2182922363281 }, "geometry": { "type": "MultiPolygon", "coordinates": [ [ [ [ -67.347, 10.304 ], [ -67.344, 10.2924 ], [ -67.3307, 10.2648 ], [ -67.3271, 10.2483 ], [ -67.3275, 10.2362 ], [ -67.3336, 10.2203 ], [ -67.3408, 10.211 ], [ -67.3639, 10.2024 ], [ -67.3725, 10.2007 ], [ -67.3743, 10.1987 ], [ -67.3793, 10.1996 ], [ -67.3881, 10.2036 ], [ -67.3955, 10.2099 ], [ -67.3988, 10.225 ], [ -67.3985, 10.2303 ], [ -67.3967, 10.2353 ], [ -67.391, 10.2426 ], [ -67.3704, 10.2583 ], [ -67.3665, 10.2639 ], [ -67.3615, 10.2894 ], [ -67.3588, 10.2956 ], [ -67.347, 10.304 ] ] ] ] } },
{ "type": "Feature", "properties": { "GID_2": "VEN.4.2_1", "GID_0": "VEN", "COUNTRY": "Venezuela", "GID_1": "VEN.4_1", "NAME_1": "Aragua", "NL_NAME_1": "NA", "NAME_2": "Camatagua", "VARNAME_2": "NA", "NL_NAME_2": "NA", "TYPE_2": "Municipio", "ENGTYPE_2": "Municipality", "CC_2": "NA", "HASC_2": "NA", "impact_feature_count": 2, "impact_area_km2": 0.00018100827459528634, "pop_total": 10710.112887740135, "pop_exposed": 147.65896606445312 }, "geometry": { "type": "MultiPolygon", "coordinates": [ [ [ [ -67.0695, 9.9119 ], [ -67.0457, 9.9141 ], [ -67.0419, 9.9312 ], [ -66.9915, 9.9271 ], [ -66.9366, 9.9252 ], [ -66.9098, 9.9216 ], [ -66.8416, 9.9199 ], [ -66.8219, 9.9259 ], [ -66.8152, 9.9324 ], [ -66.8121, 9.9402 ], [ -66.8066, 9.9469 ], [ -66.7513, 9.9736 ], [ -66.7385, 9.9819 ], [ -66.7239, 9.9919 ], [ -66.7048, 10.012 ], [ -66.6914, 9.9991 ], [ -66.6977, 9.8871 ], [ -66.6995, 9.8164 ], [ -66.7016, 9.8005 ], [ -66.7145, 9.7828 ], [ -66.7241, 9.7648 ], [ -66.732, 9.7583 ], [ -66.7389, 9.7559 ], [ -66.7866, 9.7559 ], [ -66.8037, 9.7522 ], [ -66.8123, 9.7457 ], [ -66.8167, 9.7403 ], [ -66.8271, 9.72 ], [ -66.8345, 9.7144 ], [ -66.8445, 9.6919 ], [ -66.8511, 9.685 ], [ -66.8634, 9.6804 ], [ -66.8681, 9.6804 ], [ -66.871, 9.6907 ], [ -66.8914, 9.7066 ], [ -66.9108, 9.7172 ], [ -66.9464, 9.7301 ], [ -66.9631, 9.7397 ], [ -66.9688, 9.7457 ], [ -66.9789, 9.7747 ], [ -66.9839, 9.7805 ], [ -67.0122, 9.7873 ], [ -67.0265, 9.7972 ], [ -67.0472, 9.818 ], [ -67.0582, 9.8247 ], [ -67.0842, 9.8288 ], [ -67.0969, 9.8366 ], [ -67.1087, 9.8531 ], [ -67.0895, 9.8577 ], [ -67.0811, 9.8684 ], [ -67.0766, 9.8781 ], [ -67.0721, 9.8986 ], [ -67.0716, 9.9114 ], [ -67.0695, 9.9119 ] ] ] ] } },
{ "type": "Feature", "properties": { "GID_2": "VEN.4.3_1", "GID_0": "VEN", "COUNTRY": "Venezuela", "GID_1": "VEN.4_1", "NAME_1": "Aragua", "NL_NAME_1": "NA", "NAME_2": "FranciscoLinares", "VARNAME_2": "NA", "NL_NAME_2": "NA", "TYPE_2": "Municipio", "ENGTYPE_2": "Municipality", "CC_2": "NA", "HASC_2": "NA", "impact_feature_count": 43, "impact_area_km2": 0.0086678125468774899, "pop_total": 116326.16943359375, "pop_exposed": 27479.518798828125 }, "geometry": { "type": "MultiPolygon", "coordinates": [ [ [ [ -67.5587, 10.2118 ], [ -67.554, 10.2143 ], [ -67.5403, 10.2168 ], [ -67.501, 10.2173 ], [ -67.4918, 10.2201 ], [ -67.452, 10.2148 ], [ -67.4453, 10.2131 ], [ -67.4448, 10.1905 ], [ -67.4559, 10.191 ], [ -67.4641, 10.1938 ], [ -67.475, 10.2016 ], [ -67.481, 10.2029 ], [ -67.4914, 10.2015 ], [ -67.5072, 10.1933 ], [ -67.5141, 10.1925 ], [ -67.5352, 10.1948 ], [ -67.5588, 10.1947 ], [ -67.5551, 10.198 ], [ -67.5533, 10.2039 ], [ -67.5559, 10.2096 ], [ -67.5587, 10.2118 ] ] ] ] } },
{ "type": "Feature", "properties": { "GID_2": "VEN.4.4_1", "GID_0": "VEN", "COUNTRY": "Venezuela", "GID_1": "VEN.4_1", "NAME_1": "Aragua", "NL_NAME_1": "NA", "NAME_2": "Girardot", "VARNAME_2": "NA", "NL_NAME_2": "NA", "TYPE_2": "Municipio", "ENGTYPE_2": "Municipality", "CC_2": "NA", "HASC_2": "NA", "impact_feature_count": 401, "impact_area_km2": 0.099513940948339777, "pop_total": 362992.54406356812, "pop_exposed": 129970.77386474609 }, "geometry": { "type": "MultiPolygon", "coordinates": [ [ [ [ -67.4918, 10.2201 ], [ -67.501, 10.2173 ], [ -67.5403, 10.2168 ], [ -67.554, 10.2143 ], [ -67.5587, 10.2118 ], [ -67.5746, 10.2199 ], [ -67.5843, 10.2286 ], [ -67.611, 10.2386 ], [ -67.6231, 10.2524 ], [ -67.6301, 10.2571 ], [ -67.6176, 10.2681 ], [ -67.608, 10.2792 ], [ -67.6032, 10.2754 ], [ -67.5985, 10.2682 ], [ -67.5919, 10.2655 ], [ -67.5863, 10.2654 ], [ -67.5806, 10.2677 ], [ -67.5634, 10.2885 ], [ -67.5615, 10.2956 ], [ -67.5617, 10.3376 ], [ -67.5645, 10.3598 ], [ -67.5649, 10.3934 ], [ -67.5672, 10.4049 ], [ -67.5707, 10.4144 ], [ -67.5778, 10.4227 ], [ -67.6042, 10.4426 ], [ -67.6131, 10.4595 ], [ -67.6124, 10.4677 ], [ -67.5992, 10.4884 ], [ -67.5956, 10.4969 ], [ -67.594, 10.5082 ], [ -67.589, 10.5071 ], [ -67.5865, 10.5088 ], [ -67.5846, 10.5079 ], [ -67.5785, 10.5096 ], [ -67.5724, 10.5146 ], [ -67.5715, 10.5182 ], [ -67.5671, 10.5162 ], [ -67.5612, 10.5162 ], [ -67.5579, 10.5215 ], [ -67.5554, 10.5226 ], [ -67.5451, 10.5196 ], [ -67.5432, 10.521 ], [ -67.5437, 10.524 ], [ -67.5357, 10.5274 ], [ -67.5338, 10.5254 ], [ -67.5254, 10.5229 ], [ -67.5193, 10.524 ], [ -67.5168, 10.5224 ], [ -67.5128, 10.5226 ], [ -67.5148, 10.5195 ], [ -67.5019, 10.4961 ], [ -67.5014, 10.4685 ], [ -67.5076, 10.416 ], [ -67.5074, 10.4002 ], [ -67.5048, 10.3834 ], [ -67.4798, 10.3503 ], [ -67.474, 10.3399 ], [ -67.4696, 10.3281 ], [ -67.4667, 10.3136 ], [ -67.466, 10.3 ], [ -67.4679, 10.2838 ], [ -67.475, 10.2585 ], [ -67.4782, 10.2381 ], [ -67.4801, 10.2313 ], [ -67.4918, 10.2201 ] ] ] ] } },
{ "type": "Feature", "properties": { "GID_2": "VEN.4.5_1", "GID_0": "VEN", "COUNTRY": "Venezuela", "GID_1": "VEN.4_1", "NAME_1": "Aragua", "NL_NAME_1": "NA", "NAME_2": "JoséAngelLamas", "VARNAME_2": "NA", "NL_NAME_2": "NA", "TYPE_2": "Municipio", "ENGTYPE_2": "Municipality", "CC_2": "NA", "HASC_2": "NA", "impact_feature_count": 23, "impact_area_km2": 0.0043456290948935133, "pop_total": 37535.135620117188, "pop_exposed": 9056.68994140625 }, "geometry": { "type": "MultiPolygon", "coordinates": [ [ [ [ -67.4696, 10.198 ], [ -67.4641, 10.1938 ], [ -67.4559, 10.191 ], [ -67.4443, 10.1904 ], [ -67.4443, 10.1419 ], [ -67.4574, 10.1415 ], [ -67.466, 10.1392 ], [ -67.4765, 10.1401 ], [ -67.47, 10.1511 ], [ -67.4695, 10.1674 ], [ -67.4747, 10.1817 ], [ -67.4731, 10.1903 ], [ -67.4696, 10.198 ] ] ] ] } },
{ "type": "Feature", "properties": { "GID_2": "VEN.4.6_1", "GID_0": "VEN", "COUNTRY": "Venezuela", "GID_1": "VEN.4_1", "NAME_1": "Aragua", "NL_NAME_1": "NA", "NAME_2": "JoséFélixRibas", "VARNAME_2": "NA", "NL_NAME_2": "NA", "TYPE_2": "Municipio", "ENGTYPE_2": "Municipality", "CC_2": "NA", "HASC_2": "NA", "impact_feature_count": 69, "impact_area_km2": 0.0098319410342691937, "pop_total": 135553.38607788086, "pop_exposed": 10882.826732635498 }, "geometry": { "type": "MultiPolygon", "coordinates": [ [ [ [ -67.3743, 10.1987 ], [ -67.3725, 10.2007 ], [ -67.3639, 10.2024 ], [ -67.3408, 10.211 ], [ -67.3336, 10.2203 ], [ -67.3275, 10.2362 ], [ -67.3271, 10.2483 ], [ -67.3307, 10.2648 ], [ -67.344, 10.2924 ], [ -67.347, 10.304 ], [ -67.3193, 10.3191 ], [ -67.2829, 10.3349 ], [ -67.2516, 10.352 ], [ -67.2371, 10.3579 ], [ -67.2322, 10.3555 ], [ -67.2223, 10.3455 ], [ -67.2232, 10.3228 ], [ -67.228, 10.3038 ], [ -67.2308, 10.262 ], [ -67.2242, 10.225 ], [ -67.2194, 10.2184 ], [ -67.2118, 10.2146 ], [ -67.2042, 10.2136 ], [ -67.1966, 10.2098 ], [ -67.1852, 10.2098 ], [ -67.1738, 10.2041 ], [ -67.1611, 10.2025 ], [ -67.1609, 10.1288 ], [ -67.1614, 10.1102 ], [ -67.1639, 10.0976 ], [ -67.1673, 10.0914 ], [ -67.1745, 10.0915 ], [ -67.2389, 10.0991 ], [ -67.2444, 10.1024 ], [ -67.2561, 10.1043 ], [ -67.2784, 10.1018 ], [ -67.284, 10.1079 ], [ -67.2869, 10.1139 ], [ -67.2874, 10.1195 ], [ -67.2849, 10.1307 ], [ -67.2869, 10.1361 ], [ -67.2951, 10.1394 ], [ -67.3162, 10.1418 ], [ -67.3203, 10.1454 ], [ -67.3291, 10.1484 ], [ -67.3387, 10.1589 ], [ -67.3526, 10.1641 ], [ -67.3587, 10.168 ], [ -67.3631, 10.1725 ], [ -67.3668, 10.1829 ], [ -67.3743, 10.1951 ], [ -67.3743, 10.1987 ] ] ] ] } },
{ "type": "Feature", "properties": { "GID_2": "VEN.4.7_1", "GID_0": "VEN", "COUNTRY": "Venezuela", "GID_1": "VEN.4_1", "NAME_1": "Aragua", "NL_NAME_1": "NA", "NAME_2": "JoséRRevenga", "VARNAME_2": "NA", "NL_NAME_2": "NA", "TYPE_2": "Municipio", "ENGTYPE_2": "Municipality", "CC_2": "NA", "HASC_2": "NA", "impact_feature_count": 136, "impact_area_km2": 0.024740151121231867, "pop_total": 49074.803924560547, "pop_exposed": 9919.637996673584 }, "geometry": { "type": "MultiPolygon", "coordinates": [ [ [ [ -67.1611, 10.2025 ], [ -67.1738, 10.2041 ], [ -67.1852, 10.2098 ], [ -67.1966, 10.2098 ], [ -67.2194, 10.2184 ], [ -67.2242, 10.225 ], [ -67.2308, 10.262 ], [ -67.228, 10.3038 ], [ -67.2232, 10.3228 ], [ -67.2223, 10.3455 ], [ -67.2176, 10.3403 ], [ -67.1674, 10.4137 ], [ -67.157, 10.4006 ], [ -67.1444, 10.3784 ], [ -67.1392, 10.3625 ], [ -67.1341, 10.3297 ], [ -67.1519, 10.3191 ], [ -67.1626, 10.3094 ], [ -67.1635, 10.3 ], [ -67.1616, 10.2932 ], [ -67.151, 10.2699 ], [ -67.1436, 10.2463 ], [ -67.1461, 10.2322 ], [ -67.1568, 10.2168 ], [ -67.1611, 10.2025 ] ] ] ] } },
{ "type": "Feature", "properties": { "GID_2": "VEN.4.8_1", "GID_0": "VEN", "COUNTRY": "Venezuela", "GID_1": "VEN.4_1", "NAME_1": "Aragua", "NL_NAME_1": "NA", "NAME_2": "Libertador", "VARNAME_2": "NA", "NL_NAME_2": "NA", "TYPE_2": "Municipio", "ENGTYPE_2": "Municipality", "CC_2": "NA", "HASC_2": "NA", "impact_feature_count": 35, "impact_area_km2": 0.011377044549634856, "pop_total": 75401.017578125, "pop_exposed": 9287.8558349609375 }, "geometry": { "type": "MultiPolygon", "coordinates": [ [ [ [ -67.5588, 10.1947 ], [ -67.5352, 10.1948 ], [ -67.5141, 10.1925 ], [ -67.5072, 10.1933 ], [ -67.4914, 10.2015 ], [ -67.481, 10.2029 ], [ -67.475, 10.2016 ], [ -67.4696, 10.198 ], [ -67.4731, 10.1903 ], [ -67.4747, 10.1817 ], [ -67.4695, 10.1674 ], [ -67.47, 10.1511 ], [ -67.4765, 10.1401 ], [ -67.5101, 10.1521 ], [ -67.5289, 10.1528 ], [ -67.5396, 10.1553 ], [ -67.562, 10.1542 ], [ -67.5654, 10.1871 ], [ -67.5588, 10.1947 ] ] ] ] } },
{ "type": "Feature", "properties": { "GID_2": "VEN.4.9_1", "GID_0": "VEN", "COUNTRY": "Venezuela", "GID_1": "VEN.4_1", "NAME_1": "Aragua", "NL_NAME_1": "NA", "NAME_2": "MarioBriceñoIragorry", "VARNAME_2": "NA", "NL_NAME_2": "NA", "TYPE_2": "Municipio", "ENGTYPE_2": "Municipality", "CC_2": "NA", "HASC_2": "NA", "impact_feature_count": 74, "impact_area_km2": 0.033117694927079125, "pop_total": 94360.903915405273, "pop_exposed": 31019.565185546875 }, "geometry": { "type": "MultiPolygon", "coordinates": [ [ [ [ -67.5644, 10.3712 ], [ -67.5645, 10.3598 ], [ -67.5617, 10.3376 ], [ -67.5615, 10.2956 ], [ -67.5634, 10.2885 ], [ -67.5806, 10.2677 ], [ -67.5863, 10.2654 ], [ -67.5919, 10.2655 ], [ -67.5985, 10.2682 ], [ -67.6032, 10.2754 ], [ -67.608, 10.2792 ], [ -67.6113, 10.3039 ], [ -67.6108, 10.322 ], [ -67.6131, 10.3312 ], [ -67.6477, 10.356 ], [ -67.6191, 10.3705 ], [ -67.5991, 10.3757 ], [ -67.5842, 10.3769 ], [ -67.5644, 10.3712 ] ] ] ] } },
{ "type": "Feature", "properties": { "GID_2": "VEN.4.10_1", "GID_0": "VEN", "COUNTRY": "Venezuela", "GID_1": "VEN.4_1", "NAME_1": "Aragua", "NL_NAME_1": "NA", "NAME_2": "OcumaredelaCostadeOro", "VARNAME_2": "NA", "NL_NAME_2": "NA", "TYPE_2": "Municipio", "ENGTYPE_2": "Municipality", "CC_2": "NA", "HASC_2": "NA", "impact_feature_count": 663, "impact_area_km2": 0.082033748965201853, "pop_total": 18103.184544563293, "pop_exposed": 4587.522705078125 }, "geometry": { "type": "MultiPolygon", "coordinates": [ [ [ [ -67.5947, 10.5074 ], [ -67.5956, 10.4969 ], [ -67.604, 10.48 ], [ -67.6124, 10.4677 ], [ -67.6131, 10.4595 ], [ -67.6042, 10.4426 ], [ -67.5778, 10.4227 ], [ -67.5707, 10.4144 ], [ -67.5649, 10.3934 ], [ -67.5644, 10.3712 ], [ -67.5842, 10.3769 ], [ -67.5991, 10.3757 ], [ -67.6191, 10.3705 ], [ -67.6477, 10.356 ], [ -67.6549, 10.3616 ], [ -67.6934, 10.3683 ], [ -67.7134, 10.378 ], [ -67.7341, 10.3718 ], [ -67.7536, 10.3598 ], [ -67.7725, 10.3559 ], [ -67.7878, 10.362 ], [ -67.8172, 10.3799 ], [ -67.8276, 10.3931 ], [ -67.8308, 10.4094 ], [ -67.8315, 10.4687 ], [ -67.8307, 10.4801 ], [ -67.8246, 10.481 ], [ -67.8229, 10.4832 ], [ -67.8235, 10.486 ], [ -67.821, 10.4857 ], [ -67.8199, 10.4835 ], [ -67.8163, 10.4854 ], [ -67.8165, 10.4829 ], [ -67.8118, 10.4818 ], [ -67.8115, 10.4796 ], [ -67.8093, 10.4801 ], [ -67.8101, 10.4732 ], [ -67.8121, 10.4726 ], [ -67.8126, 10.4754 ], [ -67.8138, 10.4751 ], [ -67.8132, 10.4685 ], [ -67.8104, 10.4671 ], [ -67.8076, 10.4707 ], [ -67.804, 10.4712 ], [ -67.8074, 10.4776 ], [ -67.8057, 10.4818 ], [ -67.8032, 10.4835 ], [ -67.8046, 10.4862 ], [ -67.8021, 10.4893 ], [ -67.7946, 10.4899 ], [ -67.7885, 10.4874 ], [ -67.7871, 10.4879 ], [ -67.7871, 10.4907 ], [ -67.7796, 10.4913 ], [ -67.7771, 10.4893 ], [ -67.7679, 10.4879 ], [ -67.7637, 10.4896 ], [ -67.7624, 10.4935 ], [ -67.7632, 10.4954 ], [ -67.7549, 10.4968 ], [ -67.7518, 10.4996 ], [ -67.7435, 10.4996 ], [ -67.7443, 10.4946 ], [ -67.7365, 10.4929 ], [ -67.7326, 10.4979 ], [ -67.7351, 10.501 ], [ -67.7299, 10.4982 ], [ -67.7165, 10.4985 ], [ -67.7115, 10.5018 ], [ -67.711, 10.504 ], [ -67.6954, 10.5021 ], [ -67.6946, 10.4999 ], [ -67.6893, 10.4968 ], [ -67.6851, 10.4971 ], [ -67.6846, 10.4996 ], [ -67.6696, 10.4999 ], [ -67.6624, 10.4968 ], [ -67.6574, 10.5001 ], [ -67.646, 10.5026 ], [ -67.6379, 10.501 ], [ -67.6351, 10.5026 ], [ -67.6176, 10.5024 ], [ -67.616, 10.5057 ], [ -67.6118, 10.5065 ], [ -67.6099, 10.5093 ], [ -67.604, 10.5124 ], [ -67.5985, 10.5118 ], [ -67.5982, 10.5079 ], [ -67.5947, 10.5074 ] ] ] ] } },
{ "type": "Feature", "properties": { "GID_2": "VEN.4.11_1", "GID_0": "VEN", "COUNTRY": "Venezuela", "GID_1": "VEN.4_1", "NAME_1": "Aragua", "NL_NAME_1": "NA", "NAME_2": "SanCasimiro", "VARNAME_2": "NA", "NL_NAME_2": "NA", "TYPE_2": "Municipio", "ENGTYPE_2": "Municipality", "CC_2": "NA", "HASC_2": "NA", "impact_feature_count": 40, "impact_area_km2": 0.003259297239802568, "pop_total": 25006.020151138306, "pop_exposed": 2417.4658508300781 }, "geometry": { "type": "MultiPolygon", "coordinates": [ [ [ [ -66.7048, 10.012 ], [ -66.7239, 9.9919 ], [ -66.7385, 9.9819 ], [ -66.7513, 9.9736 ], [ -66.8066, 9.9469 ], [ -66.8121, 9.9402 ], [ -66.8152, 9.9324 ], [ -66.8219, 9.9259 ], [ -66.8416, 9.9199 ], [ -66.9098, 9.9216 ], [ -66.9366, 9.9252 ], [ -66.9915, 9.9271 ], [ -67.0419, 9.9312 ], [ -67.0457, 9.9141 ], [ -67.0695, 9.9119 ], [ -67.0758, 9.9212 ], [ -67.0779, 9.9346 ], [ -67.0759, 9.9462 ], [ -67.0662, 9.9709 ], [ -67.0636, 9.9863 ], [ -67.0594, 9.9945 ], [ -67.0455, 10.0109 ], [ -67.038, 10.0247 ], [ -67.0334, 10.0391 ], [ -67.0275, 10.0653 ], [ -67.0273, 10.0788 ], [ -67.0324, 10.101 ], [ -66.9714, 10.0948 ], [ -66.9573, 10.0893 ], [ -66.9427, 10.079 ], [ -66.9118, 10.043 ], [ -66.8963, 10.0336 ], [ -66.877, 10.0321 ], [ -66.8548, 10.0372 ], [ -66.8125, 10.0429 ], [ -66.7866, 10.0434 ], [ -66.7651, 10.0396 ], [ -66.7537, 10.0353 ], [ -66.7168, 10.0162 ], [ -66.7048, 10.012 ] ] ] ] } },
{ "type": "Feature", "properties": { "GID_2": "VEN.4.12_1", "GID_0": "VEN", "COUNTRY": "Venezuela", "GID_1": "VEN.4_1", "NAME_1": "Aragua", "NL_NAME_1": "NA", "NAME_2": "SanSebastián", "VARNAME_2": "NA", "NL_NAME_2": "NA", "TYPE_2": "Municipio", "ENGTYPE_2": "Municipality", "CC_2": "NA", "HASC_2": "NA", "impact_feature_count": 12, "impact_area_km2": 0.0008324314170562795, "pop_total": 23916.434456348419, "pop_exposed": 1624.322509765625 }, "geometry": { "type": "MultiPolygon", "coordinates": [ [ [ [ -67.0695, 9.9119 ], [ -67.0716, 9.9114 ], [ -67.0721, 9.8986 ], [ -67.0766, 9.8781 ], [ -67.0811, 9.8684 ], [ -67.0895, 9.8577 ], [ -67.1087, 9.8531 ], [ -67.113, 9.8591 ], [ -67.1386, 9.879 ], [ -67.1664, 9.9233 ], [ -67.1771, 9.9323 ], [ -67.1924, 9.9393 ], [ -67.2233, 9.9408 ], [ -67.2289, 9.9512 ], [ -67.2447, 9.9716 ], [ -67.2449, 9.9766 ], [ -67.2344, 9.9902 ], [ -67.2289, 10.0044 ], [ -67.2246, 10.0106 ], [ -67.225, 10.0228 ], [ -67.2369, 10.0345 ], [ -67.2481, 10.0524 ], [ -67.2624, 10.0567 ], [ -67.2749, 10.0643 ], [ -67.2751, 10.0696 ], [ -67.2736, 10.0725 ], [ -67.2609, 10.081 ], [ -67.2605, 10.0843 ], [ -67.2674, 10.0944 ], [ -67.2784, 10.1018 ], [ -67.2561, 10.1043 ], [ -67.2444, 10.1024 ], [ -67.2389, 10.0991 ], [ -67.1926, 10.0932 ], [ -67.1745, 10.0915 ], [ -67.1485, 10.0921 ], [ -67.1245, 10.0959 ], [ -67.1057, 10.108 ], [ -67.0876, 10.1086 ], [ -67.0666, 10.1119 ], [ -67.0626, 10.1074 ], [ -67.0508, 10.1019 ], [ -67.0324, 10.101 ], [ -67.0273, 10.0788 ], [ -67.0275, 10.0653 ], [ -67.0334, 10.0391 ], [ -67.038, 10.0247 ], [ -67.0455, 10.0109 ], [ -67.0594, 9.9945 ], [ -67.0636, 9.9863 ], [ -67.0662, 9.9709 ], [ -67.0759, 9.9462 ], [ -67.0779, 9.9346 ], [ -67.0758, 9.9212 ], [ -67.0695, 9.9119 ] ] ] ] } },
{ "type": "Feature", "properties": { "GID_2": "VEN.4.13_1", "GID_0": "VEN", "COUNTRY": "Venezuela", "GID_1": "VEN.4_1", "NAME_1": "Aragua", "NL_NAME_1": "NA", "NAME_2": "SantiagoMariño", "VARNAME_2": "NA", "NL_NAME_2": "NA", "TYPE_2": "Municipio", "ENGTYPE_2": "Municipality", "CC_2": "NA", "HASC_2": "NA", "impact_feature_count": 82, "impact_area_km2": 0.0095771931724482826, "pop_total": 235181.51856994629, "pop_exposed": 24754.38899230957 }, "geometry": { "type": "MultiPolygon", "coordinates": [ [ [ [ -67.347, 10.304 ], [ -67.3588, 10.2956 ], [ -67.3615, 10.2894 ], [ -67.3665, 10.2639 ], [ -67.3704, 10.2583 ], [ -67.3841, 10.2487 ], [ -67.3967, 10.2353 ], [ -67.3988, 10.225 ], [ -67.3955, 10.2099 ], [ -67.3936, 10.208 ], [ -67.4054, 10.1976 ], [ -67.4247, 10.1898 ], [ -67.4327, 10.189 ], [ -67.4448, 10.1905 ], [ -67.4453, 10.2131 ], [ -67.4918, 10.2201 ], [ -67.4801, 10.2313 ], [ -67.4782, 10.2381 ], [ -67.475, 10.2585 ], [ -67.4679, 10.2838 ], [ -67.466, 10.3 ], [ -67.4667, 10.3136 ], [ -67.4696, 10.3281 ], [ -67.474, 10.3399 ], [ -67.4798, 10.3503 ], [ -67.5048, 10.3834 ], [ -67.5074, 10.4002 ], [ -67.5076, 10.416 ], [ -67.5014, 10.4685 ], [ -67.5007, 10.4858 ], [ -67.5019, 10.4961 ], [ -67.5148, 10.5195 ], [ -67.5104, 10.5271 ], [ -67.501, 10.5276 ], [ -67.4982, 10.5304 ], [ -67.489, 10.531 ], [ -67.4871, 10.5299 ], [ -67.486, 10.5321 ], [ -67.4768, 10.5351 ], [ -67.4751, 10.5351 ], [ -67.4737, 10.5324 ], [ -67.4701, 10.5374 ], [ -67.4635, 10.5357 ], [ -67.4587, 10.5312 ], [ -67.4501, 10.5326 ], [ -67.4443, 10.531 ], [ -67.4426, 10.534 ], [ -67.4388, 10.5326 ], [ -67.4385, 10.5354 ], [ -67.4326, 10.5332 ], [ -67.4201, 10.5357 ], [ -67.4119, 10.5351 ], [ -67.4007, 10.5038 ], [ -67.3951, 10.478 ], [ -67.3752, 10.4387 ], [ -67.3665, 10.4172 ], [ -67.3574, 10.4042 ], [ -67.3545, 10.3968 ], [ -67.3557, 10.388 ], [ -67.3607, 10.3837 ], [ -67.3699, 10.3815 ], [ -67.3741, 10.3784 ], [ -67.3735, 10.3745 ], [ -67.3677, 10.3665 ], [ -67.3506, 10.3548 ], [ -67.3468, 10.3448 ], [ -67.3494, 10.3178 ], [ -67.347, 10.304 ] ] ] ] } },
{ "type": "Feature", "properties": { "GID_2": "VEN.4.14_1", "GID_0": "VEN", "COUNTRY": "Venezuela", "GID_1": "VEN.4_1", "NAME_1": "Aragua", "NL_NAME_1": "NA", "NAME_2": "SantosMichelena", "VARNAME_2": "NA", "NL_NAME_2": "NA", "TYPE_2": "Municipio", "ENGTYPE_2": "Municipality", "CC_2": "NA", "HASC_2": "NA", "impact_feature_count": 43, "impact_area_km2": 0.0042514475308829455, "pop_total": 34517.060737609863, "pop_exposed": 2069.3553466796875 }, "geometry": { "type": "MultiPolygon", "coordinates": [ [ [ [ -67.1673, 10.0914 ], [ -67.1639, 10.0976 ], [ -67.1614, 10.1102 ], [ -67.162, 10.1757 ], [ -67.1604, 10.2078 ], [ -67.1568, 10.2168 ], [ -67.1461, 10.2322 ], [ -67.1436, 10.2463 ], [ -67.151, 10.2699 ], [ -67.1616, 10.2932 ], [ -67.1635, 10.305 ], [ -67.1626, 10.3094 ], [ -67.1581, 10.3143 ], [ -67.1341, 10.3297 ], [ -67.1269, 10.3125 ], [ -67.0901, 10.2858 ], [ -67.0797, 10.2765 ], [ -67.0732, 10.2635 ], [ -67.073, 10.2509 ], [ -67.0832, 10.2241 ], [ -67.0942, 10.1808 ], [ -67.0821, 10.1539 ], [ -67.0698, 10.1175 ], [ -67.0666, 10.1119 ], [ -67.0876, 10.1086 ], [ -67.1057, 10.108 ], [ -67.1245, 10.0959 ], [ -67.1485, 10.0921 ], [ -67.1673, 10.0914 ] ] ] ] } },
{ "type": "Feature", "properties": { "GID_2": "VEN.4.15_1", "GID_0": "VEN", "COUNTRY": "Venezuela", "GID_1": "VEN.4_1", "NAME_1": "Aragua", "NL_NAME_1": "NA", "NAME_2": "Sucre", "VARNAME_2": "NA", "NL_NAME_2": "NA", "TYPE_2": "Municipio", "ENGTYPE_2": "Municipality", "CC_2": "NA", "HASC_2": "NA", "impact_feature_count": 9, "impact_area_km2": 0.00083346377285744102, "pop_total": 104583.06022644043, "pop_exposed": 4805.11962890625 }, "geometry": { "type": "MultiPolygon", "coordinates": [ [ [ [ -67.3936, 10.208 ], [ -67.3881, 10.2036 ], [ -67.3743, 10.1987 ], [ -67.3743, 10.1951 ], [ -67.3668, 10.1829 ], [ -67.3631, 10.1725 ], [ -67.3587, 10.168 ], [ -67.3526, 10.1641 ], [ -67.3387, 10.1589 ], [ -67.3291, 10.1484 ], [ -67.3203, 10.1454 ], [ -67.3172, 10.1426 ], [ -67.331, 10.1384 ], [ -67.3549, 10.1185 ], [ -67.3623, 10.1174 ], [ -67.3697, 10.1175 ], [ -67.4104, 10.1279 ], [ -67.4375, 10.1407 ], [ -67.4443, 10.1419 ], [ -67.4443, 10.1904 ], [ -67.4295, 10.1893 ], [ -67.4128, 10.1938 ], [ -67.4054, 10.1976 ], [ -67.3936, 10.208 ] ] ] ] } },
{ "type": "Feature", "properties": { "GID_2": "VEN.4.16_1", "GID_0": "VEN", "COUNTRY": "Venezuela", "GID_1": "VEN.4_1", "NAME_1": "Aragua", "NL_NAME_1": "NA", "NAME_2": "Tovar", "VARNAME_2": "NA", "NL_NAME_2": "NA", "TYPE_2": "Municipio", "ENGTYPE_2": "Municipality", "CC_2": "NA", "HASC_2": "NA", "impact_feature_count": 523, "impact_area_km2": 0.062786859381915278, "pop_total": 12969.074608325958, "pop_exposed": 5152.9388694763184 }, "geometry": { "type": "MultiPolygon", "coordinates": [ [ [ [ -67.2223, 10.3455 ], [ -67.2322, 10.3555 ], [ -67.2371, 10.3579 ], [ -67.2516, 10.352 ], [ -67.2829, 10.3349 ], [ -67.3193, 10.3191 ], [ -67.347, 10.304 ], [ -67.3494, 10.3178 ], [ -67.3468, 10.3448 ], [ -67.3506, 10.3548 ], [ -67.3677, 10.3665 ], [ -67.3735, 10.3745 ], [ -67.3741, 10.3784 ], [ -67.3699, 10.3815 ], [ -67.3607, 10.3837 ], [ -67.3557, 10.388 ], [ -67.3545, 10.3968 ], [ -67.3574, 10.4042 ], [ -67.3665, 10.4172 ], [ -67.3752, 10.4387 ], [ -67.3951, 10.478 ], [ -67.4007, 10.5038 ], [ -67.4119, 10.5351 ], [ -67.3996, 10.5346 ], [ -67.4004, 10.5304 ], [ -67.3988, 10.5301 ], [ -67.3971, 10.5335 ], [ -67.3926, 10.5324 ], [ -67.3907, 10.534 ], [ -67.3776, 10.534 ], [ -67.3718, 10.5376 ], [ -67.3646, 10.5385 ], [ -67.3539, 10.5023 ], [ -67.3457, 10.4905 ], [ -67.3357, 10.4815 ], [ -67.3272, 10.4709 ], [ -67.3222, 10.4582 ], [ -67.3186, 10.4149 ], [ -67.314, 10.4063 ], [ -67.3022, 10.4015 ], [ -67.2933, 10.4022 ], [ -67.2862, 10.4146 ], [ -67.2767, 10.4258 ], [ -67.2637, 10.4358 ], [ -67.2407, 10.443 ], [ -67.2181, 10.4425 ], [ -67.204, 10.4388 ], [ -67.1756, 10.4225 ], [ -67.1674, 10.4137 ], [ -67.2176, 10.3403 ], [ -67.2223, 10.3455 ] ] ] ] } },
{ "type": "Feature", "properties": { "GID_2": "VEN.4.17_1", "GID_0": "VEN", "COUNTRY": "Venezuela", "GID_1": "VEN.4_1", "NAME_1": "Aragua", "NL_NAME_1": "NA", "NAME_2": "Urdaneta", "VARNAME_2": "NA", "NL_NAME_2": "NA", "TYPE_2": "Municipio", "ENGTYPE_2": "Municipality", "CC_2": "NA", "HASC_2": "NA", "impact_feature_count": 0, "impact_area_km2": 0.0, "pop_total": 1669.9238908290863, "pop_exposed": 0.0 }, "geometry": { "type": "MultiPolygon", "coordinates": [ [ [ [ -66.8681, 9.6804 ], [ -66.8634, 9.6804 ], [ -66.8511, 9.685 ], [ -66.8445, 9.6919 ], [ -66.8345, 9.7144 ], [ -66.8271, 9.72 ], [ -66.8167, 9.7403 ], [ -66.8123, 9.7457 ], [ -66.8037, 9.7522 ], [ -66.7866, 9.7559 ], [ -66.7389, 9.7559 ], [ -66.732, 9.7583 ], [ -66.7241, 9.7648 ], [ -66.7145, 9.7828 ], [ -66.7016, 9.8005 ], [ -66.6995, 9.8164 ], [ -66.6977, 9.8871 ], [ -66.6914, 9.9991 ], [ -66.6851, 9.9899 ], [ -66.6761, 9.9874 ], [ -66.6629, 9.9882 ], [ -66.6524, 9.9913 ], [ -66.6356, 9.9905 ], [ -66.6291, 9.9847 ], [ -66.6183, 9.9627 ], [ -66.6177, 9.956 ], [ -66.6228, 9.9271 ], [ -66.6208, 9.9176 ], [ -66.6155, 9.9056 ], [ -66.609, 9.8956 ], [ -66.6068, 9.8822 ], [ -66.6104, 9.8506 ], [ -66.6099, 9.8206 ], [ -66.6131, 9.802 ], [ -66.6193, 9.786 ], [ -66.6318, 9.7682 ], [ -66.6358, 9.7591 ], [ -66.6389, 9.7483 ], [ -66.6334, 9.7486 ], [ -66.6386, 9.7392 ], [ -66.6388, 9.7286 ], [ -66.6322, 9.7145 ], [ -66.6201, 9.7014 ], [ -66.5863, 9.6558 ], [ -66.5885, 9.5881 ], [ -66.5965, 9.5599 ], [ -66.5996, 9.5384 ], [ -66.5961, 9.5196 ], [ -66.5777, 9.4864 ], [ -66.5882, 9.4448 ], [ -66.5952, 9.4284 ], [ -66.6004, 9.3871 ], [ -66.6071, 9.3685 ], [ -66.6175, 9.3471 ], [ -66.661, 9.2979 ], [ -66.6899, 9.2608 ], [ -66.7124, 9.2377 ], [ -66.7292, 9.2354 ], [ -66.7393, 9.2385 ], [ -66.7553, 9.2481 ], [ -66.7965, 9.2824 ], [ -66.8372, 9.319 ], [ -66.9378, 9.437 ], [ -66.956, 9.449 ], [ -66.9734, 9.4557 ], [ -66.9912, 9.4594 ], [ -67.0022, 9.4663 ], [ -67.0096, 9.4769 ], [ -67.0112, 9.4894 ], [ -67.0095, 9.4985 ], [ -66.982, 9.5482 ], [ -66.9644, 9.5635 ], [ -66.93, 9.5723 ], [ -66.9076, 9.5802 ], [ -66.8898, 9.5918 ], [ -66.8757, 9.6069 ], [ -66.8695, 9.6243 ], [ -66.867, 9.6399 ], [ -66.8681, 9.6804 ] ] ] ] } },
{ "type": "Feature", "properties": { "GID_2": "VEN.4.18_1", "GID_0": "VEN", "COUNTRY": "Venezuela", "GID_1": "VEN.4_1", "NAME_1": "Aragua", "NL_NAME_1": "NA", "NAME_2": "Zamora", "VARNAME_2": "NA", "NL_NAME_2": "NA", "TYPE_2": "Municipio", "ENGTYPE_2": "Municipality", "CC_2": "NA", "HASC_2": "NA", "impact_feature_count": 153, "impact_area_km2": 0.018533693373153196, "pop_total": 148609.23206806183, "pop_exposed": 14265.905712127686 }, "geometry": { "type": "MultiPolygon", "coordinates": [ [ [ [ -67.4765, 10.1401 ], [ -67.466, 10.1392 ], [ -67.4574, 10.1415 ], [ -67.4431, 10.1419 ], [ -67.4375, 10.1407 ], [ -67.4154, 10.1295 ], [ -67.3697, 10.1175 ], [ -67.3549, 10.1185 ], [ -67.331, 10.1384 ], [ -67.3172, 10.1426 ], [ -67.2951, 10.1394 ], [ -67.2869, 10.1361 ], [ -67.2849, 10.1307 ], [ -67.2874, 10.1195 ], [ -67.2869, 10.1139 ], [ -67.284, 10.1079 ], [ -67.2805, 10.1031 ], [ -67.2674, 10.0944 ], [ -67.2605, 10.0843 ], [ -67.2609, 10.081 ], [ -67.2736, 10.0725 ], [ -67.2751, 10.0696 ], [ -67.2749, 10.0643 ], [ -67.2624, 10.0567 ], [ -67.2481, 10.0524 ], [ -67.2369, 10.0345 ], [ -67.225, 10.0228 ], [ -67.2246, 10.0106 ], [ -67.2289, 10.0044 ], [ -67.2344, 9.9902 ], [ -67.2449, 9.9766 ], [ -67.2447, 9.9716 ], [ -67.2289, 9.9512 ], [ -67.2233, 9.9408 ], [ -67.2475, 9.9409 ], [ -67.2653, 9.95 ], [ -67.2786, 9.9591 ], [ -67.2898, 9.9633 ], [ -67.3054, 9.9634 ], [ -67.3277, 9.9666 ], [ -67.3453, 9.9721 ], [ -67.3881, 9.9971 ], [ -67.4081, 10.0014 ], [ -67.4275, 9.9983 ], [ -67.4627, 9.9859 ], [ -67.4821, 9.9812 ], [ -67.5008, 9.981 ], [ -67.5083, 9.983 ], [ -67.5078, 9.9879 ], [ -67.5117, 10.0056 ], [ -67.5233, 10.0251 ], [ -67.5324, 10.0326 ], [ -67.5449, 10.0351 ], [ -67.6102, 10.0394 ], [ -67.6449, 10.0548 ], [ -67.6525, 10.0635 ], [ -67.653, 10.0713 ], [ -67.6498, 10.0839 ], [ -67.6394, 10.1036 ], [ -67.6365, 10.1167 ], [ -67.637, 10.1492 ], [ -67.6274, 10.151 ], [ -67.6066, 10.1615 ], [ -67.6039, 10.1615 ], [ -67.6016, 10.1561 ], [ -67.6031, 10.1362 ], [ -67.602, 10.1299 ], [ -67.6005, 10.1254 ], [ -67.5949, 10.1224 ], [ -67.5904, 10.1235 ], [ -67.586, 10.1375 ], [ -67.5825, 10.1369 ], [ -67.5769, 10.1306 ], [ -67.5715, 10.1282 ], [ -67.567, 10.1293 ], [ -67.5649, 10.1338 ], [ -67.5613, 10.1543 ], [ -67.5396, 10.1553 ], [ -67.5289, 10.1528 ], [ -67.5101, 10.1521 ], [ -67.4765, 10.1401 ] ] ] ] } },
{ "type": "Feature", "properties": { "GID_2": "VEN.7.1_1", "GID_0": "VEN", "COUNTRY": "Venezuela", "GID_1": "VEN.7_1", "NAME_1": "Carabobo", "NL_NAME_1": "NA", "NAME_2": "Bejuma", "VARNAME_2": "NA", "NL_NAME_2": "NA", "TYPE_2": "Municipio", "ENGTYPE_2": "Municipality", "CC_2": "NA", "HASC_2": "NA", "impact_feature_count": 206, "impact_area_km2": 0.023209147271886506, "pop_total": 52056.219741821289, "pop_exposed": 4348.4980697631836 }, "geometry": { "type": "MultiPolygon", "coordinates": [ [ [ [ -68.3439, 10.4019 ], [ -68.3222, 10.4174 ], [ -68.3041, 10.4281 ], [ -68.2969, 10.4355 ], [ -68.2886, 10.4525 ], [ -68.2806, 10.4643 ], [ -68.2764, 10.4669 ], [ -68.2696, 10.4648 ], [ -68.2504, 10.4549 ], [ -68.2463, 10.4495 ], [ -68.2439, 10.4408 ], [ -68.2381, 10.4324 ], [ -68.2101, 10.4001 ], [ -68.1581, 10.3536 ], [ -68.1512, 10.3505 ], [ -68.1215, 10.3492 ], [ -68.0951, 10.3573 ], [ -68.0899, 10.3449 ], [ -68.0798, 10.3328 ], [ -68.0736, 10.3028 ], [ -68.0746, 10.2936 ], [ -68.0852, 10.274 ], [ -68.0922, 10.2278 ], [ -68.0922, 10.2157 ], [ -68.0953, 10.2055 ], [ -68.1026, 10.1933 ], [ -68.1194, 10.1719 ], [ -68.1288, 10.1548 ], [ -68.1362, 10.1145 ], [ -68.1382, 10.1105 ], [ -68.1431, 10.1091 ], [ -68.1526, 10.1092 ], [ -68.1533, 10.1243 ], [ -68.1595, 10.1328 ], [ -68.1689, 10.1353 ], [ -68.1898, 10.1339 ], [ -68.2244, 10.1167 ], [ -68.2502, 10.1136 ], [ -68.2481, 10.1251 ], [ -68.2421, 10.143 ], [ -68.241, 10.1588 ], [ -68.2367, 10.1736 ], [ -68.2396, 10.1788 ], [ -68.2453, 10.1822 ], [ -68.222, 10.1903 ], [ -68.2136, 10.1944 ], [ -68.2112, 10.1979 ], [ -68.2063, 10.2351 ], [ -68.1966, 10.2505 ], [ -68.1947, 10.2591 ], [ -68.1887, 10.2713 ], [ -68.1754, 10.2846 ], [ -68.1692, 10.298 ], [ -68.2229, 10.2967 ], [ -68.2693, 10.3002 ], [ -68.2837, 10.2945 ], [ -68.2958, 10.2931 ], [ -68.3167, 10.2954 ], [ -68.3122, 10.3114 ], [ -68.3139, 10.3224 ], [ -68.3406, 10.3668 ], [ -68.3452, 10.3876 ], [ -68.3439, 10.4019 ] ] ] ] } },
{ "type": "Feature", "properties": { "GID_2": "VEN.7.2_1", "GID_0": "VEN", "COUNTRY": "Venezuela", "GID_1": "VEN.7_1", "NAME_1": "Carabobo", "NL_NAME_1": "NA", "NAME_2": "CarlosArevalo", "VARNAME_2": "NA", "NL_NAME_2": "NA", "TYPE_2": "Municipio", "ENGTYPE_2": "Municipality", "CC_2": "NA", "HASC_2": "NA", "impact_feature_count": 135, "impact_area_km2": 0.016025343813621414, "pop_total": 158154.92533367872, "pop_exposed": 6551.395149230957 }, "geometry": { "type": "MultiPolygon", "coordinates": [ [ [ [ -67.637, 10.1492 ], [ -67.6365, 10.1167 ], [ -67.6394, 10.1036 ], [ -67.6498, 10.0839 ], [ -67.653, 10.0713 ], [ -67.6525, 10.0635 ], [ -67.6449, 10.0548 ], [ -67.6102, 10.0394 ], [ -67.5449, 10.0351 ], [ -67.5324, 10.0326 ], [ -67.5233, 10.0251 ], [ -67.5117, 10.0056 ], [ -67.5078, 9.9879 ], [ -67.5105, 9.9553 ], [ -67.5075, 9.9406 ], [ -67.5009, 9.9244 ], [ -67.5006, 9.9081 ], [ -67.5037, 9.9045 ], [ -67.5168, 9.9031 ], [ -67.5242, 9.9076 ], [ -67.535, 9.9193 ], [ -67.5439, 9.9206 ], [ -67.5562, 9.914 ], [ -67.5645, 9.9032 ], [ -67.5716, 9.8891 ], [ -67.579, 9.8806 ], [ -67.6257, 9.8768 ], [ -67.6426, 9.8647 ], [ -67.6524, 9.8545 ], [ -67.6727, 9.8418 ], [ -67.6901, 9.8409 ], [ -67.6996, 9.8454 ], [ -67.717, 9.8729 ], [ -67.7317, 9.8905 ], [ -67.7697, 9.9235 ], [ -67.7834, 9.9281 ], [ -67.7885, 9.9268 ], [ -67.7922, 9.9365 ], [ -67.7976, 9.9432 ], [ -67.8277, 9.9648 ], [ -67.8335, 9.9721 ], [ -67.8334, 9.9765 ], [ -67.8568, 9.977 ], [ -67.867, 9.9789 ], [ -67.8786, 9.9838 ], [ -67.8884, 9.9901 ], [ -67.9193, 10.003 ], [ -67.9534, 10.0066 ], [ -67.9602, 10.013 ], [ -67.9624, 10.0198 ], [ -67.963, 10.0375 ], [ -67.9599, 10.0462 ], [ -67.9549, 10.0946 ], [ -67.95, 10.1006 ], [ -67.9158, 10.1086 ], [ -67.9068, 10.1077 ], [ -67.8868, 10.1007 ], [ -67.8748, 10.1045 ], [ -67.8309, 10.1298 ], [ -67.8242, 10.1201 ], [ -67.8171, 10.1152 ], [ -67.8084, 10.114 ], [ -67.7988, 10.1148 ], [ -67.7657, 10.1251 ], [ -67.7495, 10.1276 ], [ -67.7291, 10.1242 ], [ -67.7124, 10.1244 ], [ -67.7088, 10.1226 ], [ -67.7015, 10.1136 ], [ -67.6955, 10.1102 ], [ -67.688, 10.1102 ], [ -67.6823, 10.1152 ], [ -67.6822, 10.1233 ], [ -67.6888, 10.1413 ], [ -67.6874, 10.1541 ], [ -67.6817, 10.1568 ], [ -67.6706, 10.1576 ], [ -67.6572, 10.1527 ], [ -67.637, 10.1492 ] ] ] ] } },
{ "type": "Feature", "properties": { "GID_2": "VEN.7.3_1", "GID_0": "VEN", "COUNTRY": "Venezuela", "GID_1": "VEN.7_1", "NAME_1": "Carabobo", "NL_NAME_1": "NA", "NAME_2": "DiegoIbarra", "VARNAME_2": "NA", "NL_NAME_2": "NA", "TYPE_2": "Municipio", "ENGTYPE_2": "Municipality", "CC_2": "NA", "HASC_2": "NA", "impact_feature_count": 124, "impact_area_km2": 0.020338122247475679, "pop_total": 99906.640243530273, "pop_exposed": 24450.713806152344 }, "geometry": { "type": "MultiPolygon", "coordinates": [ [ [ [ -67.608, 10.2792 ], [ -67.6176, 10.2681 ], [ -67.6301, 10.2571 ], [ -67.6592, 10.2596 ], [ -67.6675, 10.263 ], [ -67.6693, 10.271 ], [ -67.6656, 10.2757 ], [ -67.6644, 10.2808 ], [ -67.6664, 10.2835 ], [ -67.6843, 10.2869 ], [ -67.6933, 10.2876 ], [ -67.7059, 10.2836 ], [ -67.7292, 10.267 ], [ -67.7263, 10.2814 ], [ -67.7202, 10.293 ], [ -67.7161, 10.309 ], [ -67.7088, 10.3199 ], [ -67.7093, 10.3297 ], [ -67.7231, 10.3607 ], [ -67.7265, 10.3741 ], [ -67.7134, 10.378 ], [ -67.6934, 10.3683 ], [ -67.6549, 10.3616 ], [ -67.6131, 10.3312 ], [ -67.6108, 10.322 ], [ -67.6113, 10.3039 ], [ -67.608, 10.2792 ] ] ] ] } },
{ "type": "Feature", "properties": { "GID_2": "VEN.7.4_1", "GID_0": "VEN", "COUNTRY": "Venezuela", "GID_1": "VEN.7_1", "NAME_1": "Carabobo", "NL_NAME_1": "NA", "NAME_2": "Guacara", "VARNAME_2": "NA", "NL_NAME_2": "NA", "TYPE_2": "Municipio", "ENGTYPE_2": "Municipality", "CC_2": "NA", "HASC_2": "NA", "impact_feature_count": 210, "impact_area_km2": 0.043745909380232879, "pop_total": 182515.10631561279, "pop_exposed": 52466.697509765625 }, "geometry": { "type": "MultiPolygon", "coordinates": [ [ [ [ -67.8268, 10.3921 ], [ -67.8172, 10.3799 ], [ -67.8036, 10.3712 ], [ -67.8182, 10.3098 ], [ -67.8261, 10.2723 ], [ -67.8262, 10.2646 ], [ -67.8236, 10.2514 ], [ -67.8195, 10.2451 ], [ -67.8025, 10.2306 ], [ -67.8123, 10.1972 ], [ -67.8175, 10.1922 ], [ -67.828, 10.1866 ], [ -67.8386, 10.1783 ], [ -67.8411, 10.1721 ], [ -67.8411, 10.1666 ], [ -67.8501, 10.1721 ], [ -67.8654, 10.1893 ], [ -67.8698, 10.1966 ], [ -67.8741, 10.2127 ], [ -67.8729, 10.2187 ], [ -67.8692, 10.2248 ], [ -67.8784, 10.2321 ], [ -67.8883, 10.2364 ], [ -67.8892, 10.2402 ], [ -67.9017, 10.2556 ], [ -67.9053, 10.2651 ], [ -67.902, 10.2858 ], [ -67.8838, 10.3362 ], [ -67.8865, 10.3496 ], [ -67.8898, 10.355 ], [ -67.91, 10.3729 ], [ -67.8268, 10.3921 ] ] ] ] } },
{ "type": "Feature", "properties": { "GID_2": "VEN.7.5_1", "GID_0": "VEN", "COUNTRY": "Venezuela", "GID_1": "VEN.7_1", "NAME_1": "Carabobo", "NL_NAME_1": "NA", "NAME_2": "JuanJoséMora", "VARNAME_2": "NA", "NL_NAME_2": "NA", "TYPE_2": "Municipio", "ENGTYPE_2": "Municipality", "CC_2": "NA", "HASC_2": "NA", "impact_feature_count": 7179, "impact_area_km2": 1.0050583167202491, "pop_total": 72855.429928779602, "pop_exposed": 41276.112323760986 }, "geometry": { "type": "MultiPolygon", "coordinates": [ [ [ [ -68.0951, 10.3573 ], [ -68.1215, 10.3492 ], [ -68.1512, 10.3505 ], [ -68.1581, 10.3536 ], [ -68.2101, 10.4001 ], [ -68.2381, 10.4324 ], [ -68.2439, 10.4408 ], [ -68.2463, 10.4495 ], [ -68.2504, 10.4549 ], [ -68.2696, 10.4648 ], [ -68.2764, 10.4669 ], [ -68.2806, 10.4643 ], [ -68.2886, 10.4525 ], [ -68.2969, 10.4355 ], [ -68.3041, 10.4281 ], [ -68.3222, 10.4174 ], [ -68.3439, 10.4019 ], [ -68.3405, 10.4385 ], [ -68.3345, 10.452 ], [ -68.329, 10.4794 ], [ -68.3326, 10.545 ], [ -68.3159, 10.5759 ], [ -68.3076, 10.5789 ], [ -68.2669, 10.5816 ], [ -68.2536, 10.584 ], [ -68.2401, 10.5835 ], [ -68.221, 10.5585 ], [ -68.1963, 10.5299 ], [ -68.184, 10.5168 ], [ -68.1768, 10.5112 ], [ -68.1754, 10.5118 ], [ -68.1643, 10.5004 ], [ -68.1588, 10.499 ], [ -68.1565, 10.5035 ], [ -68.1546, 10.5037 ], [ -68.1537, 10.4996 ], [ -68.1493, 10.4999 ], [ -68.1499, 10.4976 ], [ -68.1479, 10.4951 ], [ -68.1382, 10.4882 ], [ -68.1265, 10.484 ], [ -68.1235, 10.486 ], [ -68.1249, 10.4885 ], [ -68.1229, 10.4901 ], [ -68.1182, 10.486 ], [ -68.1149, 10.4871 ], [ -68.111, 10.4815 ], [ -68.1085, 10.4824 ], [ -68.1062, 10.4807 ], [ -68.099, 10.4851 ], [ -68.0954, 10.4888 ], [ -68.0957, 10.4907 ], [ -68.094, 10.4899 ], [ -68.0876, 10.4954 ], [ -68.0804, 10.4924 ], [ -68.0738, 10.4985 ], [ -68.0679, 10.4963 ], [ -68.0708, 10.477 ], [ -68.0884, 10.4387 ], [ -68.0926, 10.4018 ], [ -68.0983, 10.3706 ], [ -68.1053, 10.3573 ], [ -68.0951, 10.3573 ] ] ] ] } },
{ "type": "Feature", "properties": { "GID_2": "VEN.7.6_1", "GID_0": "VEN", "COUNTRY": "Venezuela", "GID_1": "VEN.7_1", "NAME_1": "Carabobo", "NL_NAME_1": "NA", "NAME_2": "LagoValencia", "VARNAME_2": "NA", "NL_NAME_2": "NA", "TYPE_2": "WaterBody", "ENGTYPE_2": "WaterBody", "CC_2": "NA", "HASC_2": "NA", "impact_feature_count": 213, "impact_area_km2": 0.045048320284812732, "pop_total": 9667.0767403841019, "pop_exposed": 2039.8933258056641 }, "geometry": { "type": "MultiPolygon", "coordinates": [ [ [ [ -67.5587, 10.2118 ], [ -67.5559, 10.2096 ], [ -67.5533, 10.2039 ], [ -67.5551, 10.198 ], [ -67.5654, 10.1871 ], [ -67.5619, 10.1546 ], [ -67.5649, 10.1338 ], [ -67.567, 10.1293 ], [ -67.5715, 10.1282 ], [ -67.5769, 10.1306 ], [ -67.5825, 10.1369 ], [ -67.586, 10.1375 ], [ -67.5904, 10.1235 ], [ -67.5949, 10.1224 ], [ -67.6005, 10.1254 ], [ -67.602, 10.1299 ], [ -67.6031, 10.1362 ], [ -67.6016, 10.1561 ], [ -67.6039, 10.1615 ], [ -67.6066, 10.1615 ], [ -67.6186, 10.1545 ], [ -67.6357, 10.1489 ], [ -67.6572, 10.1527 ], [ -67.6706, 10.1576 ], [ -67.6817, 10.1568 ], [ -67.6874, 10.1541 ], [ -67.6888, 10.1413 ], [ -67.6822, 10.1233 ], [ -67.6823, 10.1152 ], [ -67.688, 10.1102 ], [ -67.6955, 10.1102 ], [ -67.7015, 10.1136 ], [ -67.7088, 10.1226 ], [ -67.7124, 10.1244 ], [ -67.7291, 10.1242 ], [ -67.7495, 10.1276 ], [ -67.7657, 10.1251 ], [ -67.7988, 10.1148 ], [ -67.8084, 10.114 ], [ -67.8171, 10.1152 ], [ -67.8242, 10.1201 ], [ -67.8321, 10.1321 ], [ -67.8355, 10.1498 ], [ -67.8412, 10.167 ], [ -67.8411, 10.1721 ], [ -67.8386, 10.1783 ], [ -67.828, 10.1866 ], [ -67.8175, 10.1922 ], [ -67.8123, 10.1972 ], [ -67.8026, 10.2303 ], [ -67.7977, 10.2407 ], [ -67.7805, 10.2474 ], [ -67.7721, 10.2554 ], [ -67.7661, 10.2583 ], [ -67.7445, 10.2602 ], [ -67.7315, 10.2654 ], [ -67.7059, 10.2836 ], [ -67.6933, 10.2876 ], [ -67.6664, 10.2835 ], [ -67.6644, 10.2808 ], [ -67.6656, 10.2757 ], [ -67.6693, 10.271 ], [ -67.6675, 10.263 ], [ -67.6592, 10.2596 ], [ -67.6273, 10.2563 ], [ -67.611, 10.2386 ], [ -67.5843, 10.2286 ], [ -67.5746, 10.2199 ], [ -67.5587, 10.2118 ] ] ] ] } },
{ "type": "Feature", "properties": { "GID_2": "VEN.7.7_1", "GID_0": "VEN", "COUNTRY": "Venezuela", "GID_1": "VEN.7_1", "NAME_1": "Carabobo", "NL_NAME_1": "NA", "NAME_2": "Libertador", "VARNAME_2": "NA", "NL_NAME_2": "NA", "TYPE_2": "Municipio", "ENGTYPE_2": "Municipality", "CC_2": "NA", "HASC_2": "NA", "impact_feature_count": 197, "impact_area_km2": 0.026539165958780409, "pop_total": 299654.75311279297, "pop_exposed": 34681.00057220459 }, "geometry": { "type": "MultiPolygon", "coordinates": [ [ [ [ -68.1526, 10.1092 ], [ -68.1409, 10.1097 ], [ -68.1382, 10.1105 ], [ -68.1362, 10.1145 ], [ -68.1288, 10.1548 ], [ -68.1194, 10.1719 ], [ -68.1026, 10.1933 ], [ -68.0953, 10.2055 ], [ -68.0922, 10.2157 ], [ -68.0922, 10.2278 ], [ -68.0852, 10.274 ], [ -68.0811, 10.282 ], [ -68.0738, 10.284 ], [ -68.0696, 10.2835 ], [ -68.0665, 10.275 ], [ -68.0659, 10.24 ], [ -68.0678, 10.2285 ], [ -68.0635, 10.1941 ], [ -68.0604, 10.1875 ], [ -68.0451, 10.1844 ], [ -68.0437, 10.1816 ], [ -68.0474, 10.1589 ], [ -68.0468, 10.1399 ], [ -68.0414, 10.1121 ], [ -68.0508, 10.1046 ], [ -68.0539, 10.0981 ], [ -68.0513, 10.0882 ], [ -68.0417, 10.077 ], [ -68.0397, 10.0422 ], [ -68.0366, 10.0285 ], [ -68.0295, 10.0223 ], [ -68.0193, 10.0176 ], [ -68.0193, 10.0096 ], [ -68.0134, 9.9881 ], [ -68.0168, 9.9839 ], [ -68.026, 9.9902 ], [ -68.0332, 9.9911 ], [ -68.0392, 9.9836 ], [ -68.0545, 9.9737 ], [ -68.0704, 9.9681 ], [ -68.0977, 9.9526 ], [ -68.1029, 9.9645 ], [ -68.1333, 9.9791 ], [ -68.1451, 9.988 ], [ -68.178, 10.0082 ], [ -68.1947, 10.0251 ], [ -68.1998, 10.0401 ], [ -68.1978, 10.0506 ], [ -68.1915, 10.0589 ], [ -68.1671, 10.0824 ], [ -68.1583, 10.0929 ], [ -68.1526, 10.1092 ] ] ] ] } },
{ "type": "Feature", "properties": { "GID_2": "VEN.7.8_1", "GID_0": "VEN", "COUNTRY": "Venezuela", "GID_1": "VEN.7_1", "NAME_1": "Carabobo", "NL_NAME_1": "NA", "NAME_2": "LosGuayos", "VARNAME_2": "NA", "NL_NAME_2": "NA", "TYPE_2": "Municipio", "ENGTYPE_2": "Municipality", "CC_2": "NA", "HASC_2": "NA", "impact_feature_count": 141, "impact_area_km2": 0.017817324196699885, "pop_total": 149745.95181846619, "pop_exposed": 51164.451416015625 }, "geometry": { "type": "MultiPolygon", "coordinates": [ [ [ [ -67.8309, 10.1298 ], [ -67.8748, 10.1045 ], [ -67.8868, 10.1007 ], [ -67.9068, 10.1077 ], [ -67.9161, 10.1647 ], [ -67.9187, 10.1715 ], [ -67.9268, 10.1731 ], [ -67.9308, 10.1861 ], [ -67.9365, 10.1947 ], [ -67.9177, 10.1986 ], [ -67.8836, 10.2131 ], [ -67.873, 10.2191 ], [ -67.8741, 10.2127 ], [ -67.8698, 10.1966 ], [ -67.8654, 10.1893 ], [ -67.8501, 10.1721 ], [ -67.8411, 10.1666 ], [ -67.8309, 10.1298 ] ] ] ] } },
{ "type": "Feature", "properties": { "GID_2": "VEN.7.9_1", "GID_0": "VEN", "COUNTRY": "Venezuela", "GID_1": "VEN.7_1", "NAME_1": "Carabobo", "NL_NAME_1": "NA", "NAME_2": "Miranda", "VARNAME_2": "NA", "NL_NAME_2": "NA", "TYPE_2": "Municipio", "ENGTYPE_2": "Municipality", "CC_2": "NA", "HASC_2": "NA", "impact_feature_count": 266, "impact_area_km2": 0.0616445316864902, "pop_total": 31943.225839138031, "pop_exposed": 8829.5400848388672 }, "geometry": { "type": "MultiPolygon", "coordinates": [ [ [ [ -68.2453, 10.1822 ], [ -68.2396, 10.1788 ], [ -68.2367, 10.1736 ], [ -68.241, 10.1588 ], [ -68.2421, 10.143 ], [ -68.2481, 10.1251 ], [ -68.2502, 10.1136 ], [ -68.2606, 10.1137 ], [ -68.2705, 10.1088 ], [ -68.2814, 10.0738 ], [ -68.2887, 10.0561 ], [ -68.2985, 10.0428 ], [ -68.3163, 10.0313 ], [ -68.3201, 10.0307 ], [ -68.3228, 10.0517 ], [ -68.3415, 10.1081 ], [ -68.3544, 10.1566 ], [ -68.3587, 10.176 ], [ -68.3603, 10.1977 ], [ -68.3592, 10.2227 ], [ -68.3417, 10.2565 ], [ -68.3298, 10.2727 ], [ -68.3226, 10.266 ], [ -68.3092, 10.235 ], [ -68.2999, 10.2236 ], [ -68.2968, 10.2088 ], [ -68.2925, 10.1976 ], [ -68.2867, 10.1922 ], [ -68.2805, 10.1885 ], [ -68.277, 10.1882 ], [ -68.2608, 10.1991 ], [ -68.2567, 10.1988 ], [ -68.252, 10.1961 ], [ -68.2504, 10.1883 ], [ -68.2453, 10.1822 ] ] ] ] } },
{ "type": "Feature", "properties": { "GID_2": "VEN.7.10_1", "GID_0": "VEN", "COUNTRY": "Venezuela", "GID_1": "VEN.7_1", "NAME_1": "Carabobo", "NL_NAME_1": "NA", "NAME_2": "Montalbán", "VARNAME_2": "NA", "NL_NAME_2": "NA", "TYPE_2": "Municipio", "ENGTYPE_2": "Municipality", "CC_2": "NA", "HASC_2": "NA", "impact_feature_count": 32, "impact_area_km2": 0.0038044386243892845, "pop_total": 26220.65193939209, "pop_exposed": 1467.8522720336914 }, "geometry": { "type": "MultiPolygon", "coordinates": [ [ [ [ -68.3167, 10.2954 ], [ -68.2958, 10.2931 ], [ -68.2837, 10.2945 ], [ -68.2693, 10.3002 ], [ -68.2229, 10.2967 ], [ -68.1692, 10.298 ], [ -68.1754, 10.2846 ], [ -68.1887, 10.2713 ], [ -68.1947, 10.2591 ], [ -68.1966, 10.2505 ], [ -68.2063, 10.2351 ], [ -68.2112, 10.1979 ], [ -68.2136, 10.1944 ], [ -68.222, 10.1903 ], [ -68.2453, 10.1822 ], [ -68.2504, 10.1883 ], [ -68.252, 10.1961 ], [ -68.2567, 10.1988 ], [ -68.2608, 10.1991 ], [ -68.277, 10.1882 ], [ -68.2805, 10.1885 ], [ -68.2867, 10.1922 ], [ -68.2925, 10.1976 ], [ -68.2968, 10.2088 ], [ -68.2999, 10.2236 ], [ -68.3092, 10.235 ], [ -68.3226, 10.266 ], [ -68.3298, 10.2727 ], [ -68.3167, 10.2954 ] ] ] ] } },
{ "type": "Feature", "properties": { "GID_2": "VEN.7.11_1", "GID_0": "VEN", "COUNTRY": "Venezuela", "GID_1": "VEN.7_1", "NAME_1": "Carabobo", "NL_NAME_1": "NA", "NAME_2": "Naguanagua", "VARNAME_2": "NA", "NL_NAME_2": "NA", "TYPE_2": "Municipio", "ENGTYPE_2": "Municipality", "CC_2": "NA", "HASC_2": "NA", "impact_feature_count": 149, "impact_area_km2": 0.019571988630932038, "pop_total": 163392.31889343262, "pop_exposed": 40640.788940429688 }, "geometry": { "type": "MultiPolygon", "coordinates": [ [ [ [ -68.0811, 10.282 ], [ -68.0746, 10.2936 ], [ -68.0736, 10.3028 ], [ -68.0798, 10.3328 ], [ -68.0899, 10.3449 ], [ -68.0951, 10.3573 ], [ -68.0858, 10.3585 ], [ -68.0487, 10.3538 ], [ -68.0334, 10.3441 ], [ -68.0123, 10.3355 ], [ -68.003, 10.3357 ], [ -67.97, 10.3448 ], [ -67.9441, 10.3494 ], [ -67.9484, 10.3263 ], [ -67.9537, 10.3078 ], [ -67.9517, 10.287 ], [ -67.953, 10.2556 ], [ -68.0662, 10.2618 ], [ -68.0665, 10.275 ], [ -68.0696, 10.2835 ], [ -68.0738, 10.284 ], [ -68.0811, 10.282 ] ] ] ] } },
{ "type": "Feature", "properties": { "GID_2": "VEN.7.12_1", "GID_0": "VEN", "COUNTRY": "Venezuela", "GID_1": "VEN.7_1", "NAME_1": "Carabobo", "NL_NAME_1": "NA", "NAME_2": "PuertoCabello", "VARNAME_2": "NA", "NL_NAME_2": "NA", "TYPE_2": "Municipio", "ENGTYPE_2": "Municipality", "CC_2": "NA", "HASC_2": "NA", "impact_feature_count": 2453, "impact_area_km2": 0.45094112722717827, "pop_total": 160953.10966110229, "pop_exposed": 87737.803512573242 }, "geometry": { "type": "MultiPolygon", "coordinates": [ [ [ [ -67.8315, 10.4687 ], [ -67.8308, 10.4094 ], [ -67.8268, 10.3921 ], [ -67.9119, 10.3724 ], [ -67.9241, 10.3567 ], [ -67.9324, 10.3521 ], [ -67.97, 10.3448 ], [ -68.003, 10.3357 ], [ -68.0123, 10.3355 ], [ -68.0236, 10.3392 ], [ -68.0487, 10.3538 ], [ -68.0858, 10.3585 ], [ -68.1053, 10.3573 ], [ -68.0983, 10.3706 ], [ -68.0926, 10.4018 ], [ -68.0884, 10.4387 ], [ -68.0708, 10.477 ], [ -68.0681, 10.4961 ], [ -68.0665, 10.4957 ], [ -68.0649, 10.4976 ], [ -68.0593, 10.4976 ], [ -68.0485, 10.4896 ], [ -68.046, 10.4896 ], [ -68.0415, 10.4846 ], [ -68.0351, 10.4885 ], [ -68.0385, 10.4854 ], [ -68.0385, 10.4824 ], [ -68.0232, 10.4743 ], [ -68.0118, 10.4746 ], [ -68.0129, 10.4771 ], [ -68.0088, 10.4821 ], [ -68.0004, 10.4812 ], [ -68.001, 10.4765 ], [ -67.9987, 10.4768 ], [ -67.9971, 10.4732 ], [ -68.0029, 10.4696 ], [ -67.9985, 10.4685 ], [ -67.9943, 10.4749 ], [ -67.9921, 10.4751 ], [ -67.991, 10.4718 ], [ -67.9882, 10.4707 ], [ -67.9863, 10.4651 ], [ -67.9835, 10.4651 ], [ -67.9843, 10.4701 ], [ -67.9868, 10.474 ], [ -67.9896, 10.4743 ], [ -67.9912, 10.4776 ], [ -67.9943, 10.4787 ], [ -67.9962, 10.4843 ], [ -67.9929, 10.4849 ], [ -67.9932, 10.4874 ], [ -67.999, 10.4885 ], [ -67.9996, 10.4854 ], [ -68.0043, 10.4849 ], [ -68.0068, 10.4879 ], [ -68.0054, 10.4849 ], [ -68.009, 10.4832 ], [ -68.0113, 10.4835 ], [ -68.0115, 10.4857 ], [ -68.0093, 10.4912 ], [ -68.0054, 10.4915 ], [ -68.0029, 10.4896 ], [ -67.9965, 10.4924 ], [ -67.9874, 10.4888 ], [ -67.9837, 10.4854 ], [ -67.9815, 10.4865 ], [ -67.9851, 10.4899 ], [ -67.9796, 10.4899 ], [ -67.9737, 10.4868 ], [ -67.9729, 10.4835 ], [ -67.9685, 10.4807 ], [ -67.9668, 10.4776 ], [ -67.9604, 10.4743 ], [ -67.951, 10.4621 ], [ -67.9468, 10.4615 ], [ -67.9321, 10.4724 ], [ -67.931, 10.4674 ], [ -67.9332, 10.4629 ], [ -67.9315, 10.4596 ], [ -67.9299, 10.4626 ], [ -67.9257, 10.4543 ], [ -67.9207, 10.454 ], [ -67.9193, 10.4576 ], [ -67.9126, 10.4621 ], [ -67.9085, 10.4699 ], [ -67.9035, 10.4738 ], [ -67.8996, 10.4735 ], [ -67.9021, 10.4665 ], [ -67.8976, 10.4643 ], [ -67.8965, 10.469 ], [ -67.9001, 10.4718 ], [ -67.8957, 10.4704 ], [ -67.894, 10.4674 ], [ -67.889, 10.4715 ], [ -67.8874, 10.4754 ], [ -67.8854, 10.4749 ], [ -67.8854, 10.4718 ], [ -67.8818, 10.4715 ], [ -67.8771, 10.474 ], [ -67.8763, 10.4776 ], [ -67.8724, 10.4779 ], [ -67.8707, 10.4749 ], [ -67.8685, 10.4746 ], [ -67.8665, 10.4749 ], [ -67.864, 10.4787 ], [ -67.8576, 10.479 ], [ -67.8529, 10.4693 ], [ -67.8529, 10.4626 ], [ -67.8543, 10.4596 ], [ -67.8551, 10.4596 ], [ -67.8538, 10.4615 ], [ -67.8546, 10.4674 ], [ -67.8549, 10.4643 ], [ -67.8579, 10.4604 ], [ -67.8576, 10.4576 ], [ -67.8557, 10.459 ], [ -67.856, 10.4546 ], [ -67.8585, 10.4574 ], [ -67.8604, 10.4526 ], [ -67.8579, 10.4524 ], [ -67.8574, 10.4493 ], [ -67.8554, 10.4535 ], [ -67.856, 10.446 ], [ -67.8418, 10.444 ], [ -67.8412, 10.439 ], [ -67.8368, 10.4399 ], [ -67.8365, 10.4438 ], [ -67.8426, 10.4451 ], [ -67.8449, 10.4532 ], [ -67.8407, 10.4615 ], [ -67.839, 10.4676 ], [ -67.8401, 10.4701 ], [ -67.8354, 10.4832 ], [ -67.8315, 10.4826 ], [ -67.8301, 10.4804 ], [ -67.8315, 10.4687 ] ] ], [ [ [ -67.9485, 10.4926 ], [ -67.9418, 10.489 ], [ -67.9407, 10.4846 ], [ -67.944, 10.4818 ], [ -67.9446, 10.4882 ], [ -67.9529, 10.4907 ], [ -67.9521, 10.4932 ], [ -67.9485, 10.4926 ] ] ], [ [ [ -67.961, 10.4963 ], [ -67.9607, 10.4929 ], [ -67.9651, 10.4954 ], [ -67.9624, 10.4974 ], [ -67.961, 10.4963 ] ] ], [ [ [ -68.0401, 10.4946 ], [ -68.0396, 10.4935 ], [ -68.0415, 10.4915 ], [ -68.0424, 10.4946 ], [ -68.0401, 10.4946 ] ] ], [ [ [ -67.9912, 10.4968 ], [ -67.9901, 10.4946 ], [ -67.994, 10.4971 ], [ -67.9935, 10.4974 ], [ -67.9912, 10.4968 ] ] ], [ [ [ -67.9737, 10.5093 ], [ -67.9696, 10.5065 ], [ -67.9701, 10.5049 ], [ -67.974, 10.5043 ], [ -67.9771, 10.5074 ], [ -67.9746, 10.5082 ], [ -67.9768, 10.5088 ], [ -67.976, 10.5099 ], [ -67.9737, 10.5093 ] ] ] ] } },
{ "type": "Feature", "properties": { "GID_2": "VEN.7.13_1", "GID_0": "VEN", "COUNTRY": "Venezuela", "GID_1": "VEN.7_1", "NAME_1": "Carabobo", "NL_NAME_1": "NA", "NAME_2": "SanDiego", "VARNAME_2": "NA", "NL_NAME_2": "NA", "TYPE_2": "Municipio", "ENGTYPE_2": "Municipality", "CC_2": "NA", "HASC_2": "NA", "impact_feature_count": 287, "impact_area_km2": 0.040391450732830875, "pop_total": 133330.36332321167, "pop_exposed": 66156.170166015625 }, "geometry": { "type": "MultiPolygon", "coordinates": [ [ [ [ -67.91, 10.3729 ], [ -67.8898, 10.355 ], [ -67.8865, 10.3496 ], [ -67.8838, 10.3362 ], [ -67.902, 10.2858 ], [ -67.9053, 10.2651 ], [ -67.9017, 10.2556 ], [ -67.8892, 10.2402 ], [ -67.8883, 10.2364 ], [ -67.8784, 10.2321 ], [ -67.8692, 10.2248 ], [ -67.873, 10.2188 ], [ -67.9177, 10.1986 ], [ -67.936, 10.1939 ], [ -67.957, 10.1923 ], [ -67.9608, 10.1985 ], [ -67.9624, 10.2106 ], [ -67.9611, 10.2177 ], [ -67.9509, 10.2255 ], [ -67.9531, 10.2556 ], [ -67.9517, 10.287 ], [ -67.9537, 10.3078 ], [ -67.9484, 10.3263 ], [ -67.9443, 10.3496 ], [ -67.9324, 10.3521 ], [ -67.9241, 10.3567 ], [ -67.9119, 10.3724 ], [ -67.91, 10.3729 ] ] ] ] } },
{ "type": "Feature", "properties": { "GID_2": "VEN.7.14_1", "GID_0": "VEN", "COUNTRY": "Venezuela", "GID_1": "VEN.7_1", "NAME_1": "Carabobo", "NL_NAME_1": "NA", "NAME_2": "SanJoaquín", "VARNAME_2": "NA", "NL_NAME_2": "NA", "TYPE_2": "Municipio", "ENGTYPE_2": "Municipality", "CC_2": "NA", "HASC_2": "NA", "impact_feature_count": 241, "impact_area_km2": 0.029072859164027149, "pop_total": 73062.879560470581, "pop_exposed": 25903.325744628906 }, "geometry": { "type": "MultiPolygon", "coordinates": [ [ [ [ -67.8036, 10.3712 ], [ -67.7878, 10.362 ], [ -67.7725, 10.3559 ], [ -67.7536, 10.3598 ], [ -67.7341, 10.3718 ], [ -67.7265, 10.3741 ], [ -67.7231, 10.3607 ], [ -67.7093, 10.3297 ], [ -67.7088, 10.3199 ], [ -67.7161, 10.309 ], [ -67.7202, 10.293 ], [ -67.7263, 10.2814 ], [ -67.7292, 10.267 ], [ -67.7445, 10.2602 ], [ -67.7661, 10.2583 ], [ -67.7721, 10.2554 ], [ -67.7805, 10.2474 ], [ -67.7977, 10.2407 ], [ -67.8025, 10.2306 ], [ -67.8195, 10.2451 ], [ -67.8236, 10.2514 ], [ -67.8262, 10.2646 ], [ -67.8261, 10.2723 ], [ -67.8182, 10.3098 ], [ -67.8036, 10.3712 ] ] ] ] } },
{ "type": "Feature", "properties": { "GID_2": "VEN.7.15_1", "GID_0": "VEN", "COUNTRY": "Venezuela", "GID_1": "VEN.7_1", "NAME_1": "Carabobo", "NL_NAME_1": "NA", "NAME_2": "Valencia", "VARNAME_2": "NA", "NL_NAME_2": "NA", "TYPE_2": "Municipio", "ENGTYPE_2": "Municipality", "CC_2": "NA", "HASC_2": "NA", "impact_feature_count": 980, "impact_area_km2": 0.15132730833280242, "pop_total": 809054.61476421356, "pop_exposed": 326643.08181762695 }, "geometry": { "type": "MultiPolygon", "coordinates": [ [ [ [ -67.9068, 10.1077 ], [ -67.9158, 10.1086 ], [ -67.9285, 10.1062 ], [ -67.95, 10.1006 ], [ -67.9538, 10.0969 ], [ -67.9599, 10.0462 ], [ -67.963, 10.0375 ], [ -67.9624, 10.0198 ], [ -67.9602, 10.013 ], [ -67.9534, 10.0066 ], [ -67.9193, 10.003 ], [ -67.8884, 9.9901 ], [ -67.8786, 9.9838 ], [ -67.867, 9.9789 ], [ -67.8568, 9.977 ], [ -67.8334, 9.9765 ], [ -67.8335, 9.9721 ], [ -67.8277, 9.9648 ], [ -67.7976, 9.9432 ], [ -67.7922, 9.9365 ], [ -67.7885, 9.9268 ], [ -67.799, 9.9239 ], [ -67.8074, 9.9143 ], [ -67.8091, 9.9016 ], [ -67.8084, 9.8916 ], [ -67.8025, 9.855 ], [ -67.8139, 9.8584 ], [ -67.8464, 9.8593 ], [ -67.8664, 9.8562 ], [ -67.8847, 9.8554 ], [ -67.9048, 9.8573 ], [ -67.9313, 9.8626 ], [ -67.9514, 9.877 ], [ -67.9548, 9.8888 ], [ -67.9519, 9.9002 ], [ -67.9471, 9.9098 ], [ -67.9469, 9.9206 ], [ -67.9549, 9.9246 ], [ -67.9701, 9.9238 ], [ -67.9857, 9.9164 ], [ -67.9982, 9.9064 ], [ -68.0268, 9.8915 ], [ -68.0405, 9.8917 ], [ -68.0519, 9.9016 ], [ -68.0563, 9.909 ], [ -68.0681, 9.9215 ], [ -68.0824, 9.9306 ], [ -68.0932, 9.9419 ], [ -68.0979, 9.9524 ], [ -68.0704, 9.9681 ], [ -68.0545, 9.9737 ], [ -68.0392, 9.9836 ], [ -68.0332, 9.9911 ], [ -68.026, 9.9902 ], [ -68.0168, 9.9839 ], [ -68.0134, 9.9881 ], [ -68.0193, 10.0096 ], [ -68.0193, 10.0176 ], [ -68.0295, 10.0223 ], [ -68.0366, 10.0285 ], [ -68.0397, 10.0422 ], [ -68.0417, 10.077 ], [ -68.0513, 10.0882 ], [ -68.0539, 10.0981 ], [ -68.0508, 10.1046 ], [ -68.0414, 10.1121 ], [ -68.0468, 10.1399 ], [ -68.0474, 10.1589 ], [ -68.0437, 10.1816 ], [ -68.0451, 10.1844 ], [ -68.0604, 10.1875 ], [ -68.0635, 10.1941 ], [ -68.0678, 10.2285 ], [ -68.0659, 10.24 ], [ -68.0662, 10.2618 ], [ -67.9531, 10.2556 ], [ -67.9509, 10.2255 ], [ -67.9611, 10.2177 ], [ -67.9624, 10.2106 ], [ -67.9608, 10.1985 ], [ -67.957, 10.1923 ], [ -67.936, 10.1939 ], [ -67.9308, 10.1861 ], [ -67.9268, 10.1731 ], [ -67.9187, 10.1715 ], [ -67.9138, 10.1565 ], [ -67.9109, 10.1285 ], [ -67.9068, 10.1077 ] ] ] ] } },
{ "type": "Feature", "properties": { "GID_2": "VEN.8.1_1", "GID_0": "VEN", "COUNTRY": "Venezuela", "GID_1": "VEN.8_1", "NAME_1": "Cojedes", "NL_NAME_1": "NA", "NAME_2": "Anzoátegui", "VARNAME_2": "NA", "NL_NAME_2": "NA", "TYPE_2": "Municipio", "ENGTYPE_2": "Municipality", "CC_2": "NA", "HASC_2": "NA", "impact_feature_count": 0, "impact_area_km2": 0.0, "pop_total": 1462.5453128814697, "pop_exposed": 0.0 }, "geometry": { "type": "MultiPolygon", "coordinates": [ [ [ [ -68.6852, 9.5883 ], [ -68.6893, 9.5849 ], [ -68.6978, 9.5813 ], [ -68.7259, 9.5772 ], [ -68.7284, 9.5731 ], [ -68.7286, 9.5647 ], [ -68.7237, 9.5531 ], [ -68.6976, 9.5354 ], [ -68.6831, 9.5032 ], [ -68.6835, 9.497 ], [ -68.6921, 9.4788 ], [ -68.8859, 9.4825 ], [ -68.8895, 9.5057 ], [ -68.8874, 9.529 ], [ -68.8843, 9.5432 ], [ -68.8837, 9.5714 ], [ -68.8912, 9.6223 ], [ -68.9013, 9.6518 ], [ -68.9072, 9.675 ], [ -68.9145, 9.6915 ], [ -68.9412, 9.7345 ], [ -68.9448, 9.7553 ], [ -68.9522, 9.7666 ], [ -68.9749, 9.7913 ], [ -68.9709, 9.7949 ], [ -68.9505, 9.8041 ], [ -68.9437, 9.8109 ], [ -68.9388, 9.8241 ], [ -68.9334, 9.8506 ], [ -68.925, 9.8731 ], [ -68.9219, 9.8949 ], [ -68.9111, 9.8966 ], [ -68.8873, 9.9101 ], [ -68.872, 9.9124 ], [ -68.858, 9.9109 ], [ -68.8495, 9.9073 ], [ -68.8289, 9.9022 ], [ -68.7887, 9.9 ], [ -68.7533, 9.9042 ], [ -68.7222, 9.9117 ], [ -68.7179, 9.8983 ], [ -68.7181, 9.8849 ], [ -68.7254, 9.8491 ], [ -68.7376, 9.812 ], [ -68.7696, 9.7428 ], [ -68.7814, 9.7284 ], [ -68.7922, 9.7214 ], [ -68.799, 9.7194 ], [ -68.7787, 9.6957 ], [ -68.7547, 9.6611 ], [ -68.7442, 9.6541 ], [ -68.7124, 9.6461 ], [ -68.6986, 9.6348 ], [ -68.6954, 9.628 ], [ -68.6954, 9.6127 ], [ -68.6851, 9.5943 ], [ -68.6852, 9.5883 ] ] ] ] } },
{ "type": "Feature", "properties": { "GID_2": "VEN.8.2_1", "GID_0": "VEN", "COUNTRY": "Venezuela", "GID_1": "VEN.8_1", "NAME_1": "Cojedes", "NL_NAME_1": "NA", "NAME_2": "EzequielZomora", "VARNAME_2": "NA", "NL_NAME_2": "NA", "TYPE_2": "Municipio", "ENGTYPE_2": "Municipality", "CC_2": "NA", "HASC_2": "NA", "impact_feature_count": 14, "impact_area_km2": 0.0017142781980216287, "pop_total": 15776.684636116028, "pop_exposed": 140.51613998413086 }, "geometry": { "type": "MultiPolygon", "coordinates": [ [ [ [ -68.6852, 9.5883 ], [ -68.6851, 9.5943 ], [ -68.6954, 9.6127 ], [ -68.6954, 9.628 ], [ -68.6986, 9.6348 ], [ -68.7124, 9.6461 ], [ -68.7442, 9.6541 ], [ -68.7547, 9.6611 ], [ -68.7787, 9.6957 ], [ -68.799, 9.7194 ], [ -68.7922, 9.7214 ], [ -68.7814, 9.7284 ], [ -68.7696, 9.7428 ], [ -68.7376, 9.812 ], [ -68.7254, 9.8491 ], [ -68.7181, 9.8849 ], [ -68.7179, 9.8983 ], [ -68.7222, 9.9117 ], [ -68.7021, 9.9183 ], [ -68.6737, 9.9306 ], [ -68.6538, 9.9448 ], [ -68.6183, 9.9912 ], [ -68.6006, 10.0067 ], [ -68.5809, 10.0159 ], [ -68.5601, 10.0197 ], [ -68.5405, 10.0179 ], [ -68.5139, 10.007 ], [ -68.4993, 9.9976 ], [ -68.4925, 9.9894 ], [ -68.4905, 9.958 ], [ -68.4852, 9.9509 ], [ -68.4763, 9.9468 ], [ -68.4675, 9.9493 ], [ -68.4302, 9.9659 ], [ -68.4143, 9.976 ], [ -68.4, 9.9888 ], [ -68.4051, 9.9662 ], [ -68.4159, 9.9435 ], [ -68.4247, 9.932 ], [ -68.4455, 9.9176 ], [ -68.4504, 9.9127 ], [ -68.4529, 9.9035 ], [ -68.4483, 9.8899 ], [ -68.4413, 9.8804 ], [ -68.4368, 9.8755 ], [ -68.4176, 9.8625 ], [ -68.4144, 9.8582 ], [ -68.4133, 9.8516 ], [ -68.4192, 9.8332 ], [ -68.4187, 9.8089 ], [ -68.4258, 9.7929 ], [ -68.4332, 9.7844 ], [ -68.4577, 9.7671 ], [ -68.4627, 9.7552 ], [ -68.4622, 9.7453 ], [ -68.4535, 9.7316 ], [ -68.4521, 9.724 ], [ -68.4531, 9.7193 ], [ -68.4593, 9.708 ], [ -68.4585, 9.7017 ], [ -68.4477, 9.6831 ], [ -68.4455, 9.6731 ], [ -68.445, 9.6527 ], [ -68.4432, 9.6471 ], [ -68.4803, 9.6068 ], [ -68.4927, 9.6001 ], [ -68.5012, 9.5935 ], [ -68.504, 9.5992 ], [ -68.5154, 9.602 ], [ -68.5259, 9.6087 ], [ -68.5268, 9.6115 ], [ -68.5373, 9.6191 ], [ -68.5506, 9.6258 ], [ -68.5667, 9.6428 ], [ -68.5724, 9.6542 ], [ -68.579, 9.6542 ], [ -68.5923, 9.6134 ], [ -68.6034, 9.6042 ], [ -68.6363, 9.6064 ], [ -68.6715, 9.6057 ], [ -68.6852, 9.5883 ] ] ] ] } },
{ "type": "Feature", "properties": { "GID_2": "VEN.8.3_1", "GID_0": "VEN", "COUNTRY": "Venezuela", "GID_1": "VEN.8_1", "NAME_1": "Cojedes", "NL_NAME_1": "NA", "NAME_2": "Falcón", "VARNAME_2": "NA", "NL_NAME_2": "NA", "TYPE_2": "Municipio", "ENGTYPE_2": "Municipality", "CC_2": "NA", "HASC_2": "NA", "impact_feature_count": 85, "impact_area_km2": 0.012214217462380364, "pop_total": 110903.47310572863, "pop_exposed": 17262.099643707275 }, "geometry": { "type": "MultiPolygon", "coordinates": [ [ [ [ -68.2502, 10.1136 ], [ -68.2244, 10.1167 ], [ -68.1898, 10.1339 ], [ -68.1689, 10.1353 ], [ -68.1595, 10.1328 ], [ -68.1533, 10.1243 ], [ -68.152, 10.111 ], [ -68.1583, 10.0929 ], [ -68.1671, 10.0824 ], [ -68.1915, 10.0589 ], [ -68.1978, 10.0506 ], [ -68.1998, 10.0401 ], [ -68.1947, 10.0251 ], [ -68.178, 10.0082 ], [ -68.1451, 9.988 ], [ -68.1333, 9.9791 ], [ -68.1029, 9.9645 ], [ -68.0932, 9.9419 ], [ -68.0824, 9.9306 ], [ -68.0681, 9.9215 ], [ -68.0609, 9.914 ], [ -68.0775, 9.9044 ], [ -68.1047, 9.8853 ], [ -68.1245, 9.8774 ], [ -68.2062, 9.8689 ], [ -68.2248, 9.8593 ], [ -68.2326, 9.8603 ], [ -68.2522, 9.8707 ], [ -68.2722, 9.8712 ], [ -68.2847, 9.8669 ], [ -68.3011, 9.8642 ], [ -68.3105, 9.8685 ], [ -68.3131, 9.8722 ], [ -68.313, 9.8791 ], [ -68.2965, 9.901 ], [ -68.295, 9.9063 ], [ -68.2972, 9.911 ], [ -68.3013, 9.9145 ], [ -68.3227, 9.923 ], [ -68.3368, 9.9316 ], [ -68.3451, 9.9351 ], [ -68.3635, 9.9387 ], [ -68.3833, 9.9487 ], [ -68.3867, 9.958 ], [ -68.3912, 9.9805 ], [ -68.4, 9.9888 ], [ -68.3823, 10.0045 ], [ -68.3586, 10.016 ], [ -68.3369, 10.0197 ], [ -68.3217, 10.026 ], [ -68.3201, 10.0307 ], [ -68.3163, 10.0313 ], [ -68.2985, 10.0428 ], [ -68.2887, 10.0561 ], [ -68.2814, 10.0738 ], [ -68.2705, 10.1088 ], [ -68.2606, 10.1137 ], [ -68.2502, 10.1136 ] ] ] ] } },
{ "type": "Feature", "properties": { "GID_2": "VEN.8.5_1", "GID_0": "VEN", "COUNTRY": "Venezuela", "GID_1": "VEN.8_1", "NAME_1": "Cojedes", "NL_NAME_1": "NA", "NAME_2": "LimaBlanco", "VARNAME_2": "NA", "NL_NAME_2": "NA", "TYPE_2": "Municipio", "ENGTYPE_2": "Municipality", "CC_2": "NA", "HASC_2": "NA", "impact_feature_count": 120, "impact_area_km2": 0.014358355232034646, "pop_total": 10957.135751247406, "pop_exposed": 2028.2742748260498 }, "geometry": { "type": "MultiPolygon", "coordinates": [ [ [ [ -68.4287, 9.7896 ], [ -68.4258, 9.7929 ], [ -68.4187, 9.8089 ], [ -68.4192, 9.8332 ], [ -68.4133, 9.8516 ], [ -68.4144, 9.8582 ], [ -68.4176, 9.8625 ], [ -68.4368, 9.8755 ], [ -68.4413, 9.8804 ], [ -68.4483, 9.8899 ], [ -68.4529, 9.9035 ], [ -68.4504, 9.9127 ], [ -68.4455, 9.9176 ], [ -68.4247, 9.932 ], [ -68.4159, 9.9435 ], [ -68.4051, 9.9662 ], [ -68.4, 9.9888 ], [ -68.3912, 9.9805 ], [ -68.3867, 9.958 ], [ -68.3833, 9.9487 ], [ -68.3635, 9.9387 ], [ -68.3451, 9.9351 ], [ -68.3368, 9.9316 ], [ -68.3227, 9.923 ], [ -68.3013, 9.9145 ], [ -68.2972, 9.911 ], [ -68.295, 9.9063 ], [ -68.2965, 9.901 ], [ -68.313, 9.8791 ], [ -68.3131, 9.8722 ], [ -68.3105, 9.8685 ], [ -68.3011, 9.8642 ], [ -68.2847, 9.8669 ], [ -68.2722, 9.8712 ], [ -68.2522, 9.8707 ], [ -68.2326, 9.8603 ], [ -68.2248, 9.8593 ], [ -68.2085, 9.8677 ], [ -68.2148, 9.8003 ], [ -68.2392, 9.7966 ], [ -68.2496, 9.7881 ], [ -68.2549, 9.7862 ], [ -68.2786, 9.7862 ], [ -68.2876, 9.7829 ], [ -68.2957, 9.7843 ], [ -68.3037, 9.7833 ], [ -68.3104, 9.7981 ], [ -68.317, 9.8061 ], [ -68.3351, 9.8123 ], [ -68.3412, 9.8123 ], [ -68.3569, 9.8161 ], [ -68.3626, 9.8142 ], [ -68.3735, 9.7943 ], [ -68.3806, 9.7914 ], [ -68.3972, 9.7895 ], [ -68.4044, 9.7933 ], [ -68.4205, 9.7881 ], [ -68.4287, 9.7896 ] ] ] ] } },
{ "type": "Feature", "properties": { "GID_2": "VEN.8.6_1", "GID_0": "VEN", "COUNTRY": "Venezuela", "GID_1": "VEN.8_1", "NAME_1": "Cojedes", "NL_NAME_1": "NA", "NAME_2": "PaodeSanJuanBautista", "VARNAME_2": "NA", "NL_NAME_2": "NA", "TYPE_2": "Municipio", "ENGTYPE_2": "Municipality", "CC_2": "NA", "HASC_2": "NA", "impact_feature_count": 0, "impact_area_km2": 0.0, "pop_total": 2280.0183379650116, "pop_exposed": 0.0 }, "geometry": { "type": "MultiPolygon", "coordinates": [ [ [ [ -68.0609, 9.914 ], [ -68.0519, 9.9016 ], [ -68.0405, 9.8917 ], [ -68.0268, 9.8915 ], [ -67.9982, 9.9064 ], [ -67.9857, 9.9164 ], [ -67.9701, 9.9238 ], [ -67.9549, 9.9246 ], [ -67.9469, 9.9206 ], [ -67.9471, 9.9098 ], [ -67.9519, 9.9002 ], [ -67.9548, 9.8888 ], [ -67.9514, 9.877 ], [ -67.9313, 9.8626 ], [ -67.9048, 9.8573 ], [ -67.8847, 9.8554 ], [ -67.8664, 9.8562 ], [ -67.8464, 9.8593 ], [ -67.8139, 9.8584 ], [ -67.7963, 9.8531 ], [ -67.7892, 9.8467 ], [ -67.7811, 9.833 ], [ -67.7674, 9.8033 ], [ -67.7586, 9.7921 ], [ -67.7494, 9.7608 ], [ -67.7332, 9.7359 ], [ -67.7283, 9.7165 ], [ -67.7332, 9.7012 ], [ -67.7596, 9.6875 ], [ -67.7738, 9.6698 ], [ -67.8051, 9.6444 ], [ -67.8363, 9.6318 ], [ -67.854, 9.6296 ], [ -67.8711, 9.6308 ], [ -67.8834, 9.629 ], [ -67.896, 9.618 ], [ -67.9058, 9.5892 ], [ -67.931, 9.5739 ], [ -67.937, 9.5635 ], [ -67.9396, 9.547 ], [ -67.9341, 9.5292 ], [ -67.9151, 9.4985 ], [ -67.9098, 9.4871 ], [ -67.908, 9.4748 ], [ -67.9041, 9.4662 ], [ -67.9033, 9.4505 ], [ -67.9052, 9.4284 ], [ -67.8949, 9.4007 ], [ -67.8969, 9.3853 ], [ -67.9157, 9.3351 ], [ -67.9179, 9.3224 ], [ -67.9136, 9.3086 ], [ -67.9046, 9.2972 ], [ -67.8816, 9.2753 ], [ -67.8623, 9.2421 ], [ -67.862, 9.2239 ], [ -67.8644, 9.1952 ], [ -67.8629, 9.1785 ], [ -67.8668, 9.1411 ], [ -67.8651, 9.1287 ], [ -67.856, 9.1149 ], [ -67.8453, 9.1029 ], [ -67.8401, 9.0862 ], [ -67.8434, 9.0686 ], [ -67.8524, 9.0503 ], [ -67.8655, 9.0106 ], [ -67.8782, 8.9879 ], [ -67.9101, 8.9497 ], [ -67.941, 8.9215 ], [ -67.9686, 8.8819 ], [ -67.9878, 8.8414 ], [ -67.9916, 8.8262 ], [ -67.9903, 8.8043 ], [ -67.9931, 8.7913 ], [ -68.0123, 8.7769 ], [ -68.0206, 8.7618 ], [ -68.0224, 8.7507 ], [ -68.0245, 8.7077 ], [ -68.0124, 8.6894 ], [ -68.0081, 8.6754 ], [ -68.0119, 8.6414 ], [ -68.0076, 8.6204 ], [ -68.0212, 8.5953 ], [ -68.032, 8.6071 ], [ -68.0402, 8.6121 ], [ -68.0572, 8.6337 ], [ -68.0661, 8.6413 ], [ -68.0705, 8.6506 ], [ -68.0798, 8.6903 ], [ -68.079, 8.7057 ], [ -68.0705, 8.7303 ], [ -68.067, 8.7457 ], [ -68.0658, 8.7633 ], [ -68.0691, 8.7986 ], [ -68.0825, 8.8298 ], [ -68.0873, 8.8629 ], [ -68.0866, 8.8765 ], [ -68.0789, 8.8956 ], [ -68.0774, 8.9036 ], [ -68.0807, 8.9132 ], [ -68.1095, 8.933 ], [ -68.1378, 8.9487 ], [ -68.1474, 8.9563 ], [ -68.1588, 8.96 ], [ -68.1883, 8.9637 ], [ -68.1978, 8.9697 ], [ -68.2027, 8.9754 ], [ -68.2137, 8.9994 ], [ -68.231, 9.0286 ], [ -68.2368, 9.0463 ], [ -68.2422, 9.0573 ], [ -68.2489, 9.0635 ], [ -68.2624, 9.0674 ], [ -68.3012, 9.0729 ], [ -68.3124, 9.0781 ], [ -68.3373, 9.0965 ], [ -68.3445, 9.1052 ], [ -68.3464, 9.1134 ], [ -68.3457, 9.1187 ], [ -68.3419, 9.116 ], [ -68.3315, 9.117 ], [ -68.3222, 9.1241 ], [ -68.3166, 9.1327 ], [ -68.3115, 9.148 ], [ -68.3081, 9.169 ], [ -68.2925, 9.2215 ], [ -68.2907, 9.2365 ], [ -68.2918, 9.252 ], [ -68.3092, 9.294 ], [ -68.3113, 9.3056 ], [ -68.3098, 9.3333 ], [ -68.3064, 9.3383 ], [ -68.3009, 9.338 ], [ -68.2918, 9.3273 ], [ -68.2849, 9.3252 ], [ -68.2767, 9.3324 ], [ -68.264, 9.3708 ], [ -68.2686, 9.4227 ], [ -68.2643, 9.4521 ], [ -68.2576, 9.4681 ], [ -68.2356, 9.5043 ], [ -68.2277, 9.512 ], [ -68.2156, 9.5173 ], [ -68.2083, 9.5185 ], [ -68.1974, 9.5172 ], [ -68.1865, 9.5268 ], [ -68.1229, 9.6291 ], [ -68.0992, 9.6768 ], [ -68.2253, 9.6879 ], [ -68.2085, 9.8677 ], [ -68.1905, 9.8714 ], [ -68.1376, 9.8754 ], [ -68.1147, 9.8803 ], [ -68.1047, 9.8853 ], [ -68.0775, 9.9044 ], [ -68.0609, 9.914 ] ] ] ] } },
{ "type": "Feature", "properties": { "GID_2": "VEN.8.9_1", "GID_0": "VEN", "COUNTRY": "Venezuela", "GID_1": "VEN.8_1", "NAME_1": "Cojedes", "NL_NAME_1": "NA", "NAME_2": "Tinaco", "VARNAME_2": "NA", "NL_NAME_2": "NA", "TYPE_2": "Municipio", "ENGTYPE_2": "Municipality", "CC_2": "NA", "HASC_2": "NA", "impact_feature_count": 0, "impact_area_km2": 0.0, "pop_total": 224.75992012023926, "pop_exposed": 0.0 }, "geometry": { "type": "MultiPolygon", "coordinates": [ [ [ [ -68.4432, 9.6471 ], [ -68.445, 9.6527 ], [ -68.4455, 9.6731 ], [ -68.4477, 9.6831 ], [ -68.4585, 9.7017 ], [ -68.4593, 9.708 ], [ -68.4531, 9.7193 ], [ -68.4521, 9.724 ], [ -68.4535, 9.7316 ], [ -68.4622, 9.7453 ], [ -68.4627, 9.7552 ], [ -68.4611, 9.7612 ], [ -68.4577, 9.7671 ], [ -68.4332, 9.7844 ], [ -68.4287, 9.7896 ], [ -68.4205, 9.7881 ], [ -68.4044, 9.7933 ], [ -68.3958, 9.7895 ], [ -68.3806, 9.7914 ], [ -68.3735, 9.7943 ], [ -68.3626, 9.8142 ], [ -68.3569, 9.8161 ], [ -68.3412, 9.8123 ], [ -68.3351, 9.8123 ], [ -68.317, 9.8061 ], [ -68.3104, 9.7981 ], [ -68.3037, 9.7833 ], [ -68.2957, 9.7843 ], [ -68.2876, 9.7829 ], [ -68.2786, 9.7862 ], [ -68.2549, 9.7862 ], [ -68.2496, 9.7881 ], [ -68.2392, 9.7966 ], [ -68.2148, 9.8003 ], [ -68.2253, 9.6879 ], [ -68.0992, 9.6768 ], [ -68.1229, 9.6291 ], [ -68.1865, 9.5268 ], [ -68.1974, 9.5172 ], [ -68.2083, 9.5185 ], [ -68.2156, 9.5173 ], [ -68.2277, 9.512 ], [ -68.2356, 9.5043 ], [ -68.2457, 9.4891 ], [ -68.2576, 9.4681 ], [ -68.2643, 9.4521 ], [ -68.2686, 9.4227 ], [ -68.264, 9.3708 ], [ -68.2767, 9.3324 ], [ -68.2849, 9.3252 ], [ -68.2918, 9.3273 ], [ -68.3009, 9.338 ], [ -68.3064, 9.3383 ], [ -68.3098, 9.3333 ], [ -68.3113, 9.3056 ], [ -68.3092, 9.294 ], [ -68.2918, 9.252 ], [ -68.2907, 9.2365 ], [ -68.2925, 9.2215 ], [ -68.3081, 9.169 ], [ -68.3115, 9.148 ], [ -68.3166, 9.1327 ], [ -68.3222, 9.1241 ], [ -68.3315, 9.117 ], [ -68.3419, 9.116 ], [ -68.3462, 9.1191 ], [ -68.3479, 9.1252 ], [ -68.3475, 9.1376 ], [ -68.3402, 9.1593 ], [ -68.3328, 9.1727 ], [ -68.3336, 9.1846 ], [ -68.3409, 9.2026 ], [ -68.3616, 9.2436 ], [ -68.3656, 9.2624 ], [ -68.377, 9.2832 ], [ -68.3784, 9.324 ], [ -68.3749, 9.3333 ], [ -68.3576, 9.3483 ], [ -68.3528, 9.3766 ], [ -68.3521, 9.3986 ], [ -68.3489, 9.4085 ], [ -68.3486, 9.42 ], [ -68.3516, 9.446 ], [ -68.3508, 9.471 ], [ -68.3468, 9.4781 ], [ -68.3334, 9.4935 ], [ -68.331, 9.5107 ], [ -68.3307, 9.5272 ], [ -68.3209, 9.5569 ], [ -68.3209, 9.5728 ], [ -68.3162, 9.5857 ], [ -68.3193, 9.5927 ], [ -68.3228, 9.5963 ], [ -68.3374, 9.6053 ], [ -68.3484, 9.6079 ], [ -68.3782, 9.6197 ], [ -68.4146, 9.6317 ], [ -68.427, 9.6399 ], [ -68.4421, 9.6451 ], [ -68.4432, 9.6471 ] ] ] ] } },
{ "type": "Feature", "properties": { "GID_2": "VEN.11.1_1", "GID_0": "VEN", "COUNTRY": "Venezuela", "GID_1": "VEN.11_1", "NAME_1": "DistritoCapital", "NL_NAME_1": "NA", "NAME_2": "Libertador", "VARNAME_2": "NA", "NL_NAME_2": "NA", "TYPE_2": "Municipio", "ENGTYPE_2": "Municipality", "CC_2": "NA", "HASC_2": "NA", "impact_feature_count": 14352, "impact_area_km2": 2.0166224583429866, "pop_total": 1792160.4854431152, "pop_exposed": 1319633.7758789062 }, "geometry": { "type": "MultiPolygon", "coordinates": [ [ [ [ -66.8443, 10.5442 ], [ -66.8484, 10.5388 ], [ -66.8517, 10.529 ], [ -66.8525, 10.4826 ], [ -66.8578, 10.4688 ], [ -66.8667, 10.4559 ], [ -66.8863, 10.4332 ], [ -66.9246, 10.4241 ], [ -66.9703, 10.4068 ], [ -66.9863, 10.404 ], [ -67.0034, 10.4043 ], [ -67.0228, 10.4074 ], [ -67.0597, 10.4175 ], [ -67.1076, 10.4363 ], [ -67.1166, 10.4429 ], [ -67.1276, 10.4473 ], [ -67.1133, 10.458 ], [ -67.1001, 10.4635 ], [ -67.0761, 10.4697 ], [ -67.0455, 10.4737 ], [ -67.0368, 10.477 ], [ -67.027, 10.4948 ], [ -67.0283, 10.5114 ], [ -67.0268, 10.5218 ], [ -67.0019, 10.5505 ], [ -66.9893, 10.5606 ], [ -66.9677, 10.5599 ], [ -66.9463, 10.5539 ], [ -66.9298, 10.5512 ], [ -66.9013, 10.5542 ], [ -66.868, 10.554 ], [ -66.8547, 10.5502 ], [ -66.8443, 10.5442 ] ] ] ] } },
{ "type": "Feature", "properties": { "GID_2": "VEN.12.1_1", "GID_0": "VEN", "COUNTRY": "Venezuela", "GID_1": "VEN.12_1", "NAME_1": "Falcón", "NL_NAME_1": "NA", "NAME_2": "Acosta", "VARNAME_2": "NA", "NL_NAME_2": "NA", "TYPE_2": "Municipio", "ENGTYPE_2": "Municipality", "CC_2": "NA", "HASC_2": "NA", "impact_feature_count": 0, "impact_area_km2": 0.0, "pop_total": 1340.0245314836502, "pop_exposed": 0.0 }, "geometry": { "type": "MultiPolygon", "coordinates": [ [ [ [ -68.3429, 11.0572 ], [ -68.384, 11.047 ], [ -68.3974, 11.0462 ], [ -68.3992, 11.0392 ], [ -68.3908, 11.0176 ], [ -68.394, 11.0068 ], [ -68.4006, 11.0033 ], [ -68.4306, 10.9942 ], [ -68.4431, 10.9875 ], [ -68.4638, 10.9993 ], [ -68.5068, 11.0519 ], [ -68.5192, 11.0716 ], [ -68.5522, 11.0438 ], [ -68.5602, 11.0423 ], [ -68.5714, 11.0663 ], [ -68.5744, 11.0781 ], [ -68.5789, 11.0852 ], [ -68.5969, 11.098 ], [ -68.606, 11.1079 ], [ -68.606, 11.1141 ], [ -68.595, 11.13 ], [ -68.5933, 11.1388 ], [ -68.594, 11.1513 ], [ -68.5983, 11.1612 ], [ -68.6087, 11.1709 ], [ -68.6468, 11.1825 ], [ -68.6607, 11.1881 ], [ -68.6711, 11.1946 ], [ -68.7031, 11.2238 ], [ -68.7734, 11.2813 ], [ -68.7568, 11.369 ], [ -68.7532, 11.366 ], [ -68.7468, 11.3668 ], [ -68.7424, 11.3649 ], [ -68.7387, 11.3599 ], [ -68.7237, 11.3482 ], [ -68.7068, 11.341 ], [ -68.6993, 11.3404 ], [ -68.6924, 11.3426 ], [ -68.6904, 11.3457 ], [ -68.6918, 11.3535 ], [ -68.6896, 11.3554 ], [ -68.6718, 11.3471 ], [ -68.6626, 11.3479 ], [ -68.6535, 11.341 ], [ -68.6249, 11.3051 ], [ -68.6029, 11.2821 ], [ -68.5993, 11.2807 ], [ -68.5932, 11.2826 ], [ -68.5851, 11.2749 ], [ -68.5788, 11.2754 ], [ -68.5721, 11.2715 ], [ -68.5638, 11.2749 ], [ -68.5582, 11.2746 ], [ -68.546, 11.2649 ], [ -68.5421, 11.2646 ], [ -68.5379, 11.2674 ], [ -68.5351, 11.2651 ], [ -68.5315, 11.2651 ], [ -68.5251, 11.2571 ], [ -68.5174, 11.2515 ], [ -68.5165, 11.2474 ], [ -68.5115, 11.2429 ], [ -68.5115, 11.239 ], [ -68.5082, 11.234 ], [ -68.4926, 11.2171 ], [ -68.4907, 11.2124 ], [ -68.489, 11.2126 ], [ -68.4801, 11.2029 ], [ -68.4696, 11.1963 ], [ -68.459, 11.1838 ], [ -68.4515, 11.1774 ], [ -68.4432, 11.174 ], [ -68.4187, 11.1713 ], [ -68.4124, 11.1743 ], [ -68.4079, 11.181 ], [ -68.4074, 11.1849 ], [ -68.4132, 11.1904 ], [ -68.4126, 11.1924 ], [ -68.4096, 11.1932 ], [ -68.4043, 11.1907 ], [ -68.3796, 11.164 ], [ -68.3779, 11.1599 ], [ -68.3788, 11.1588 ], [ -68.3857, 11.1613 ], [ -68.3885, 11.1582 ], [ -68.3885, 11.1457 ], [ -68.3821, 11.1371 ], [ -68.369, 11.1099 ], [ -68.3579, 11.0962 ], [ -68.3396, 11.0676 ], [ -68.3362, 11.0591 ], [ -68.3429, 11.0572 ] ] ], [ [ [ -68.4201, 11.1993 ], [ -68.4154, 11.1974 ], [ -68.4157, 11.1946 ], [ -68.4187, 11.1943 ], [ -68.4238, 11.1979 ], [ -68.4235, 11.1993 ], [ -68.4201, 11.1993 ] ] ], [ [ [ -68.4465, 11.2218 ], [ -68.4446, 11.2196 ], [ -68.4454, 11.2176 ], [ -68.4488, 11.2201 ], [ -68.4479, 11.2221 ], [ -68.4465, 11.2218 ] ] ] ] } },
{ "type": "Feature", "properties": { "GID_2": "VEN.12.4_1", "GID_0": "VEN", "COUNTRY": "Venezuela", "GID_1": "VEN.12_1", "NAME_1": "Falcón", "NL_NAME_1": "NA", "NAME_2": "CaciqueManaure", "VARNAME_2": "NA", "NL_NAME_2": "NA", "TYPE_2": "Municipio", "ENGTYPE_2": "Municipality", "CC_2": "NA", "HASC_2": "NA", "impact_feature_count": 174, "impact_area_km2": 0.014905325589166333, "pop_total": 13071.448346138, "pop_exposed": 2113.6756782531738 }, "geometry": { "type": "MultiPolygon", "coordinates": [ [ [ [ -68.5602, 11.0423 ], [ -68.5522, 11.0438 ], [ -68.5192, 11.0716 ], [ -68.5068, 11.0519 ], [ -68.4638, 10.9993 ], [ -68.4431, 10.9875 ], [ -68.4592, 10.9712 ], [ -68.48, 10.9446 ], [ -68.4991, 10.9258 ], [ -68.5556, 10.9306 ], [ -68.5705, 10.9309 ], [ -68.5918, 10.9278 ], [ -68.6257, 11.0299 ], [ -68.6145, 11.0331 ], [ -68.5727, 11.0319 ], [ -68.565, 11.0332 ], [ -68.5611, 11.0355 ], [ -68.5602, 11.0423 ] ] ] ] } },
{ "type": "Feature", "properties": { "GID_2": "VEN.12.11_1", "GID_0": "VEN", "COUNTRY": "Venezuela", "GID_1": "VEN.12_1", "NAME_1": "Falcón", "NL_NAME_1": "NA", "NAME_2": "Jacura", "VARNAME_2": "NA", "NL_NAME_2": "NA", "TYPE_2": "Municipio", "ENGTYPE_2": "Municipality", "CC_2": "NA", "HASC_2": "NA", "impact_feature_count": 17, "impact_area_km2": 0.0015882854749946775, "pop_total": 4021.8031123876572, "pop_exposed": 36.965863227844238 }, "geometry": { "type": "MultiPolygon", "coordinates": [ [ [ [ -68.6257, 11.0299 ], [ -68.5918, 10.9278 ], [ -68.5995, 10.9264 ], [ -68.6311, 10.9261 ], [ -68.6923, 10.913 ], [ -68.7, 10.9096 ], [ -68.7149, 10.8967 ], [ -68.7406, 10.8901 ], [ -68.7555, 10.8844 ], [ -68.7734, 10.8744 ], [ -68.7985, 10.8569 ], [ -68.8107, 10.8454 ], [ -68.8243, 10.8273 ], [ -68.8572, 10.8019 ], [ -68.8722, 10.7964 ], [ -68.8797, 10.7889 ], [ -68.8893, 10.772 ], [ -68.9016, 10.7567 ], [ -68.9058, 10.7445 ], [ -68.9058, 10.7395 ], [ -68.901, 10.73 ], [ -68.9175, 10.7282 ], [ -68.9339, 10.757 ], [ -68.9354, 10.7635 ], [ -68.9347, 10.7841 ], [ -68.938, 10.7979 ], [ -68.9375, 10.822 ], [ -68.9402, 10.8312 ], [ -68.9504, 10.8431 ], [ -68.9696, 10.8505 ], [ -69.0071, 10.8545 ], [ -69.0332, 10.8626 ], [ -69.0518, 10.8708 ], [ -69.0915, 10.8751 ], [ -69.099, 10.8828 ], [ -69.1192, 10.9437 ], [ -69.1541, 11.0319 ], [ -69.1857, 11.1059 ], [ -69.1954, 11.121 ], [ -69.1928, 11.1243 ], [ -69.194, 11.1294 ], [ -69.1768, 11.1335 ], [ -69.1514, 11.1428 ], [ -69.1058, 11.1627 ], [ -69.0607, 11.1755 ], [ -68.9994, 11.196 ], [ -68.9849, 11.1975 ], [ -68.9464, 11.195 ], [ -68.9404, 11.1987 ], [ -68.9278, 11.2173 ], [ -68.9215, 11.2225 ], [ -68.912, 11.2273 ], [ -68.8235, 11.2591 ], [ -68.7687, 11.1646 ], [ -68.7245, 11.0948 ], [ -68.696, 11.056 ], [ -68.6809, 11.0283 ], [ -68.6668, 11.026 ], [ -68.6438, 11.0255 ], [ -68.6348, 11.0259 ], [ -68.6277, 11.0278 ], [ -68.6257, 11.0299 ] ] ] ] } },
{ "type": "Feature", "properties": { "GID_2": "VEN.12.15_1", "GID_0": "VEN", "COUNTRY": "Venezuela", "GID_1": "VEN.12_1", "NAME_1": "Falcón", "NL_NAME_1": "NA", "NAME_2": "MonseñorIturriza", "VARNAME_2": "NA", "NL_NAME_2": "NA", "TYPE_2": "Municipio", "ENGTYPE_2": "Municipality", "CC_2": "NA", "HASC_2": "NA", "impact_feature_count": 383, "impact_area_km2": 0.04457665977035765, "pop_total": 16753.447443246841, "pop_exposed": 2385.2519466876984 }, "geometry": { "type": "MultiPolygon", "coordinates": [ [ [ [ -68.4187, 10.9978 ], [ -68.394, 11.0068 ], [ -68.3908, 11.0176 ], [ -68.3992, 11.0392 ], [ -68.3974, 11.0462 ], [ -68.384, 11.047 ], [ -68.3362, 11.0591 ], [ -68.3337, 11.0535 ], [ -68.3299, 11.0332 ], [ -68.3174, 11.0015 ], [ -68.3037, 10.9763 ], [ -68.2935, 10.9632 ], [ -68.2857, 10.949 ], [ -68.2832, 10.9482 ], [ -68.2807, 10.9432 ], [ -68.2704, 10.9346 ], [ -68.2679, 10.9263 ], [ -68.2735, 10.9235 ], [ -68.2749, 10.9207 ], [ -68.2718, 10.9107 ], [ -68.269, 10.9079 ], [ -68.2643, 10.9101 ], [ -68.2618, 10.9068 ], [ -68.2629, 10.9049 ], [ -68.2679, 10.9035 ], [ -68.2793, 10.9038 ], [ -68.2826, 10.909 ], [ -68.2926, 10.9157 ], [ -68.296, 10.9163 ], [ -68.2937, 10.9188 ], [ -68.2887, 10.9179 ], [ -68.2874, 10.9249 ], [ -68.2901, 10.9265 ], [ -68.294, 10.926 ], [ -68.294, 10.9288 ], [ -68.3001, 10.9288 ], [ -68.3043, 10.9312 ], [ -68.309, 10.9301 ], [ -68.3107, 10.9326 ], [ -68.3154, 10.9338 ], [ -68.3171, 10.9371 ], [ -68.3201, 10.9368 ], [ -68.3246, 10.9332 ], [ -68.3321, 10.9321 ], [ -68.334, 10.934 ], [ -68.3368, 10.9324 ], [ -68.3399, 10.9329 ], [ -68.3432, 10.9301 ], [ -68.3487, 10.9324 ], [ -68.3629, 10.9312 ], [ -68.364, 10.9301 ], [ -68.3626, 10.9276 ], [ -68.3646, 10.9224 ], [ -68.364, 10.919 ], [ -68.3571, 10.9182 ], [ -68.3565, 10.9143 ], [ -68.3487, 10.9099 ], [ -68.3487, 10.9065 ], [ -68.3418, 10.9074 ], [ -68.3324, 10.9129 ], [ -68.3204, 10.9157 ], [ -68.319, 10.9129 ], [ -68.3163, 10.9121 ], [ -68.3151, 10.9085 ], [ -68.3115, 10.9087 ], [ -68.3007, 10.9046 ], [ -68.2932, 10.9035 ], [ -68.2838, 10.899 ], [ -68.2637, 10.894 ], [ -68.2579, 10.894 ], [ -68.2571, 10.8979 ], [ -68.2549, 10.8979 ], [ -68.2532, 10.9024 ], [ -68.251, 10.9035 ], [ -68.2551, 10.9046 ], [ -68.2532, 10.9104 ], [ -68.2554, 10.9143 ], [ -68.261, 10.9185 ], [ -68.2585, 10.921 ], [ -68.2535, 10.919 ], [ -68.2471, 10.9146 ], [ -68.2474, 10.9121 ], [ -68.2513, 10.9093 ], [ -68.2507, 10.9054 ], [ -68.2457, 10.901 ], [ -68.2404, 10.8904 ], [ -68.2321, 10.8857 ], [ -68.2246, 10.8865 ], [ -68.2237, 10.8837 ], [ -68.2271, 10.8824 ], [ -68.2271, 10.8785 ], [ -68.2249, 10.8793 ], [ -68.2221, 10.8779 ], [ -68.2207, 10.879 ], [ -68.2162, 10.8782 ], [ -68.2157, 10.8654 ], [ -68.2176, 10.8671 ], [ -68.2185, 10.8724 ], [ -68.2213, 10.8726 ], [ -68.2235, 10.8751 ], [ -68.2226, 10.8776 ], [ -68.2262, 10.8785 ], [ -68.2218, 10.8718 ], [ -68.2218, 10.869 ], [ -68.2274, 10.8662 ], [ -68.2296, 10.8679 ], [ -68.2315, 10.8643 ], [ -68.2315, 10.8629 ], [ -68.2276, 10.8635 ], [ -68.2243, 10.8676 ], [ -68.2207, 10.866 ], [ -68.2193, 10.8674 ], [ -68.2201, 10.8707 ], [ -68.219, 10.8707 ], [ -68.2185, 10.8665 ], [ -68.2215, 10.8638 ], [ -68.2207, 10.859 ], [ -68.2229, 10.8571 ], [ -68.2207, 10.8571 ], [ -68.2179, 10.8604 ], [ -68.2185, 10.8549 ], [ -68.2213, 10.8515 ], [ -68.2229, 10.8546 ], [ -68.2268, 10.8524 ], [ -68.2268, 10.854 ], [ -68.2246, 10.8546 ], [ -68.224, 10.8585 ], [ -68.2274, 10.8587 ], [ -68.2282, 10.8529 ], [ -68.236, 10.8524 ], [ -68.2399, 10.8493 ], [ -68.2476, 10.8593 ], [ -68.2607, 10.8663 ], [ -68.2729, 10.8706 ], [ -68.2962, 10.8746 ], [ -68.3316, 10.8774 ], [ -68.3447, 10.8841 ], [ -68.3497, 10.8848 ], [ -68.3646, 10.8751 ], [ -68.3911, 10.8633 ], [ -68.4438, 10.8577 ], [ -68.4593, 10.8592 ], [ -68.5053, 10.8801 ], [ -68.5205, 10.8831 ], [ -68.5342, 10.8834 ], [ -68.5423, 10.8786 ], [ -68.5629, 10.8565 ], [ -68.5835, 10.8411 ], [ -68.5901, 10.8298 ], [ -68.5988, 10.8006 ], [ -68.6013, 10.781 ], [ -68.5993, 10.7633 ], [ -68.6022, 10.7687 ], [ -68.6091, 10.7679 ], [ -68.6328, 10.76 ], [ -68.6475, 10.7571 ], [ -68.69, 10.7549 ], [ -68.7098, 10.7566 ], [ -68.7502, 10.7638 ], [ -68.7641, 10.7601 ], [ -68.7864, 10.7392 ], [ -68.8051, 10.725 ], [ -68.8247, 10.7159 ], [ -68.8407, 10.7111 ], [ -68.866, 10.7076 ], [ -68.8674, 10.7078 ], [ -68.8807, 10.7248 ], [ -68.8883, 10.7299 ], [ -68.901, 10.73 ], [ -68.9058, 10.7395 ], [ -68.9058, 10.7445 ], [ -68.9016, 10.7567 ], [ -68.8893, 10.772 ], [ -68.8797, 10.7889 ], [ -68.8722, 10.7964 ], [ -68.8572, 10.8019 ], [ -68.8243, 10.8273 ], [ -68.8107, 10.8454 ], [ -68.7985, 10.8569 ], [ -68.7839, 10.8679 ], [ -68.7555, 10.8844 ], [ -68.7406, 10.8901 ], [ -68.7149, 10.8967 ], [ -68.7, 10.9096 ], [ -68.6923, 10.913 ], [ -68.6311, 10.9261 ], [ -68.5995, 10.9264 ], [ -68.5705, 10.9309 ], [ -68.4991, 10.9258 ], [ -68.48, 10.9446 ], [ -68.4592, 10.9712 ], [ -68.4413, 10.9891 ], [ -68.4187, 10.9978 ] ] ], [ [ [ -68.2601, 10.9304 ], [ -68.2593, 10.929 ], [ -68.2621, 10.9293 ], [ -68.2618, 10.931 ], [ -68.2601, 10.9304 ] ] ], [ [ [ -68.2601, 10.9454 ], [ -68.2543, 10.9443 ], [ -68.2574, 10.9387 ], [ -68.2596, 10.9385 ], [ -68.2643, 10.9429 ], [ -68.2654, 10.9424 ], [ -68.2665, 10.9457 ], [ -68.2604, 10.9465 ], [ -68.2601, 10.9454 ] ] ], [ [ [ -68.2465, 10.9715 ], [ -68.2476, 10.9729 ], [ -68.2426, 10.9771 ], [ -68.2429, 10.9749 ], [ -68.2465, 10.9715 ] ] ], [ [ [ -68.216, 10.8638 ], [ -68.2165, 10.8618 ], [ -68.2174, 10.8615 ], [ -68.2176, 10.864 ], [ -68.216, 10.8638 ] ] ], [ [ [ -68.2115, 10.8718 ], [ -68.2118, 10.8699 ], [ -68.2149, 10.8712 ], [ -68.2135, 10.8724 ], [ -68.2115, 10.8718 ] ] ], [ [ [ -68.2082, 10.8868 ], [ -68.2068, 10.8854 ], [ -68.2074, 10.8821 ], [ -68.2057, 10.881 ], [ -68.2068, 10.8776 ], [ -68.2051, 10.8746 ], [ -68.2074, 10.8757 ], [ -68.2076, 10.8785 ], [ -68.2115, 10.8829 ], [ -68.2099, 10.8874 ], [ -68.2082, 10.8868 ] ] ], [ [ [ -67.9999, 11.0001 ], [ -67.9999, 10.9999 ], [ -68.0001, 10.9999 ], [ -68.0001, 11.0001 ], [ -67.9999, 11.0001 ] ] ] ] } },
{ "type": "Feature", "properties": { "GID_2": "VEN.12.16_1", "GID_0": "VEN", "COUNTRY": "Venezuela", "GID_1": "VEN.12_1", "NAME_1": "Falcón", "NL_NAME_1": "NA", "NAME_2": "PalmaSola", "VARNAME_2": "NA", "NL_NAME_2": "NA", "TYPE_2": "Municipio", "ENGTYPE_2": "Municipality", "CC_2": "NA", "HASC_2": "NA", "impact_feature_count": 7, "impact_area_km2": 0.00040146238434257214, "pop_total": 6750.7653198242188, "pop_exposed": 88.9940185546875 }, "geometry": { "type": "MultiPolygon", "coordinates": [ [ [ [ -68.5689, 10.6539 ], [ -68.581, 10.6599 ], [ -68.5888, 10.6671 ], [ -68.5929, 10.6761 ], [ -68.5946, 10.7211 ], [ -68.5984, 10.7553 ], [ -68.5612, 10.7603 ], [ -68.5481, 10.76 ], [ -68.5296, 10.7561 ], [ -68.4896, 10.7349 ], [ -68.4805, 10.7328 ], [ -68.5063, 10.635 ], [ -68.5466, 10.6446 ], [ -68.5689, 10.6539 ] ] ] ] } },
{ "type": "Feature", "properties": { "GID_2": "VEN.12.17_1", "GID_0": "VEN", "COUNTRY": "Venezuela", "GID_1": "VEN.12_1", "NAME_1": "Falcón", "NL_NAME_1": "NA", "NAME_2": "Petit", "VARNAME_2": "NA", "NL_NAME_2": "NA", "TYPE_2": "Municipio", "ENGTYPE_2": "Municipality", "CC_2": "NA", "HASC_2": "NA", "impact_feature_count": 0, "impact_area_km2": 0.0, "pop_total": 0.0, "pop_exposed": 0.0 }, "geometry": { "type": "MultiPolygon", "coordinates": [ [ [ [ -69.5785, 11.2319 ], [ -69.5773, 11.2239 ], [ -69.5737, 11.2177 ], [ -69.5692, 11.213 ], [ -69.5627, 11.2109 ], [ -69.5517, 11.2112 ], [ -69.542, 11.2153 ], [ -69.5253, 11.2308 ], [ -69.5095, 11.2392 ], [ -69.4838, 11.2303 ], [ -69.4475, 11.2046 ], [ -69.4369, 11.1943 ], [ -69.4013, 11.1483 ], [ -69.3908, 11.1408 ], [ -69.3767, 11.1363 ], [ -69.3083, 11.133 ], [ -69.2195, 11.1202 ], [ -69.1954, 11.121 ], [ -69.1857, 11.1059 ], [ -69.1713, 11.0737 ], [ -69.1975, 11.0529 ], [ -69.2117, 11.0369 ], [ -69.2167, 11.0246 ], [ -69.2212, 11.0012 ], [ -69.244, 10.9668 ], [ -69.249, 10.9622 ], [ -69.2909, 10.9486 ], [ -69.3112, 10.9477 ], [ -69.3193, 10.9434 ], [ -69.3267, 10.9315 ], [ -69.3576, 10.9447 ], [ -69.3711, 10.9484 ], [ -69.3942, 10.9507 ], [ -69.4088, 10.947 ], [ -69.4198, 10.9407 ], [ -69.4385, 10.9218 ], [ -69.4472, 10.9172 ], [ -69.46, 10.9118 ], [ -69.4705, 10.911 ], [ -69.4788, 10.9137 ], [ -69.4956, 10.9258 ], [ -69.5156, 10.9441 ], [ -69.5467, 10.9651 ], [ -69.5529, 10.9649 ], [ -69.5486, 10.9836 ], [ -69.5531, 10.9956 ], [ -69.5576, 11.0038 ], [ -69.5795, 11.0335 ], [ -69.5984, 11.064 ], [ -69.6041, 11.071 ], [ -69.6122, 11.0739 ], [ -69.6072, 11.0866 ], [ -69.6053, 11.1053 ], [ -69.6056, 11.1372 ], [ -69.6092, 11.1477 ], [ -69.6536, 11.146 ], [ -69.6669, 11.1487 ], [ -69.6903, 11.1634 ], [ -69.6846, 11.1738 ], [ -69.6777, 11.192 ], [ -69.6783, 11.2046 ], [ -69.6249, 11.2218 ], [ -69.5785, 11.2319 ] ] ] ] } },
{ "type": "Feature", "properties": { "GID_2": "VEN.12.19_1", "GID_0": "VEN", "COUNTRY": "Venezuela", "GID_1": "VEN.12_1", "NAME_1": "Falcón", "NL_NAME_1": "NA", "NAME_2": "SanFrancisco", "VARNAME_2": "NA", "NL_NAME_2": "NA", "TYPE_2": "Municipio", "ENGTYPE_2": "Municipality", "CC_2": "NA", "HASC_2": "NA", "impact_feature_count": 0, "impact_area_km2": 0.0, "pop_total": 426.23462009429932, "pop_exposed": 0.0 }, "geometry": { "type": "MultiPolygon", "coordinates": [ [ [ [ -68.7734, 11.2813 ], [ -68.7031, 11.2238 ], [ -68.6711, 11.1946 ], [ -68.6607, 11.1881 ], [ -68.6468, 11.1825 ], [ -68.6087, 11.1709 ], [ -68.5983, 11.1612 ], [ -68.594, 11.1513 ], [ -68.5933, 11.1388 ], [ -68.595, 11.13 ], [ -68.606, 11.1141 ], [ -68.606, 11.1079 ], [ -68.5969, 11.098 ], [ -68.5789, 11.0852 ], [ -68.5744, 11.0781 ], [ -68.5671, 11.0559 ], [ -68.5608, 11.0458 ], [ -68.5599, 11.0404 ], [ -68.5611, 11.0355 ], [ -68.565, 11.0332 ], [ -68.5727, 11.0319 ], [ -68.6145, 11.0331 ], [ -68.6247, 11.0309 ], [ -68.6277, 11.0278 ], [ -68.6348, 11.0259 ], [ -68.6668, 11.026 ], [ -68.6809, 11.0283 ], [ -68.696, 11.056 ], [ -68.7245, 11.0948 ], [ -68.7687, 11.1646 ], [ -68.8235, 11.2591 ], [ -68.7749, 11.2739 ], [ -68.7734, 11.2813 ] ] ] ] } },
{ "type": "Feature", "properties": { "GID_2": "VEN.12.20_1", "GID_0": "VEN", "COUNTRY": "Venezuela", "GID_1": "VEN.12_1", "NAME_1": "Falcón", "NL_NAME_1": "NA", "NAME_2": "Silva", "VARNAME_2": "NA", "NL_NAME_2": "NA", "TYPE_2": "Municipio", "ENGTYPE_2": "Municipality", "CC_2": "NA", "HASC_2": "NA", "impact_feature_count": 703, "impact_area_km2": 0.091985066363264673, "pop_total": 29635.231507301331, "pop_exposed": 7618.3051881790161 }, "geometry": { "type": "MultiPolygon", "coordinates": [ [ [ [ -68.5952, 10.8152 ], [ -68.5901, 10.8298 ], [ -68.5835, 10.8411 ], [ -68.5629, 10.8565 ], [ -68.5423, 10.8786 ], [ -68.5342, 10.8834 ], [ -68.5205, 10.8831 ], [ -68.5053, 10.8801 ], [ -68.4593, 10.8592 ], [ -68.4438, 10.8577 ], [ -68.3911, 10.8633 ], [ -68.3646, 10.8751 ], [ -68.3497, 10.8848 ], [ -68.3447, 10.8841 ], [ -68.3316, 10.8774 ], [ -68.2962, 10.8746 ], [ -68.2729, 10.8706 ], [ -68.2607, 10.8663 ], [ -68.2476, 10.8593 ], [ -68.2418, 10.853 ], [ -68.2399, 10.8493 ], [ -68.2412, 10.8512 ], [ -68.2446, 10.8507 ], [ -68.249, 10.8526 ], [ -68.2487, 10.8554 ], [ -68.2554, 10.854 ], [ -68.2576, 10.8501 ], [ -68.2593, 10.8504 ], [ -68.259, 10.8521 ], [ -68.2626, 10.8518 ], [ -68.2646, 10.8549 ], [ -68.2699, 10.8496 ], [ -68.2729, 10.849 ], [ -68.2724, 10.8465 ], [ -68.2737, 10.846 ], [ -68.2793, 10.8482 ], [ -68.2765, 10.851 ], [ -68.2782, 10.8526 ], [ -68.2754, 10.8529 ], [ -68.2771, 10.854 ], [ -68.2771, 10.8571 ], [ -68.281, 10.8576 ], [ -68.2812, 10.859 ], [ -68.2829, 10.8579 ], [ -68.2832, 10.8593 ], [ -68.2913, 10.8587 ], [ -68.2957, 10.8615 ], [ -68.2974, 10.8585 ], [ -68.3029, 10.8565 ], [ -68.3018, 10.8507 ], [ -68.2937, 10.8446 ], [ -68.289, 10.846 ], [ -68.2876, 10.8482 ], [ -68.2857, 10.8476 ], [ -68.2862, 10.8446 ], [ -68.2907, 10.844 ], [ -68.2899, 10.8421 ], [ -68.2929, 10.8415 ], [ -68.2965, 10.8424 ], [ -68.3007, 10.8485 ], [ -68.3032, 10.8485 ], [ -68.3093, 10.8543 ], [ -68.3093, 10.8524 ], [ -68.3018, 10.8449 ], [ -68.3115, 10.8485 ], [ -68.3132, 10.8512 ], [ -68.3124, 10.854 ], [ -68.314, 10.8554 ], [ -68.3163, 10.8554 ], [ -68.3146, 10.8529 ], [ -68.316, 10.8507 ], [ -68.3199, 10.8512 ], [ -68.3215, 10.8554 ], [ -68.3218, 10.8529 ], [ -68.3254, 10.8535 ], [ -68.3238, 10.8504 ], [ -68.3201, 10.8493 ], [ -68.3215, 10.8468 ], [ -68.3126, 10.846 ], [ -68.3146, 10.8426 ], [ -68.3068, 10.844 ], [ -68.3121, 10.839 ], [ -68.3015, 10.8415 ], [ -68.3035, 10.8399 ], [ -68.2996, 10.839 ], [ -68.2974, 10.8354 ], [ -68.2996, 10.8312 ], [ -68.2954, 10.8321 ], [ -68.2929, 10.8299 ], [ -68.2929, 10.8251 ], [ -68.2965, 10.8235 ], [ -68.2968, 10.8218 ], [ -68.3026, 10.8249 ], [ -68.3043, 10.8299 ], [ -68.306, 10.8287 ], [ -68.3101, 10.8304 ], [ -68.3157, 10.8365 ], [ -68.3204, 10.8335 ], [ -68.3235, 10.8357 ], [ -68.3238, 10.8329 ], [ -68.3288, 10.8329 ], [ -68.329, 10.8354 ], [ -68.326, 10.8351 ], [ -68.3257, 10.8368 ], [ -68.3201, 10.8385 ], [ -68.319, 10.8413 ], [ -68.3243, 10.8463 ], [ -68.3274, 10.8471 ], [ -68.3268, 10.8493 ], [ -68.3296, 10.8507 ], [ -68.3299, 10.8532 ], [ -68.3257, 10.859 ], [ -68.3313, 10.8604 ], [ -68.3285, 10.8571 ], [ -68.3329, 10.8535 ], [ -68.3318, 10.8501 ], [ -68.3257, 10.844 ], [ -68.3285, 10.8363 ], [ -68.3304, 10.8365 ], [ -68.3304, 10.8332 ], [ -68.3279, 10.8287 ], [ -68.3296, 10.8218 ], [ -68.3257, 10.8235 ], [ -68.3268, 10.8324 ], [ -68.3254, 10.8324 ], [ -68.3254, 10.8301 ], [ -68.3238, 10.8315 ], [ -68.3226, 10.8299 ], [ -68.3171, 10.8321 ], [ -68.3151, 10.8296 ], [ -68.3182, 10.8279 ], [ -68.3165, 10.8254 ], [ -68.3129, 10.8279 ], [ -68.3104, 10.8268 ], [ -68.311, 10.8287 ], [ -68.3082, 10.8279 ], [ -68.309, 10.824 ], [ -68.3129, 10.8235 ], [ -68.3104, 10.8251 ], [ -68.3135, 10.8263 ], [ -68.3146, 10.8221 ], [ -68.3171, 10.8213 ], [ -68.3165, 10.819 ], [ -68.3135, 10.8199 ], [ -68.3126, 10.8188 ], [ -68.3151, 10.8165 ], [ -68.3213, 10.8213 ], [ -68.3215, 10.8237 ], [ -68.3246, 10.8199 ], [ -68.3246, 10.8101 ], [ -68.3207, 10.8029 ], [ -68.3215, 10.8001 ], [ -68.3154, 10.7949 ], [ -68.3115, 10.7965 ], [ -68.3115, 10.8018 ], [ -68.3074, 10.8051 ], [ -68.3129, 10.8101 ], [ -68.3129, 10.8121 ], [ -68.3082, 10.8165 ], [ -68.3096, 10.819 ], [ -68.3115, 10.8185 ], [ -68.3118, 10.8207 ], [ -68.3096, 10.8229 ], [ -68.3065, 10.8226 ], [ -68.3085, 10.8254 ], [ -68.3071, 10.8276 ], [ -68.3021, 10.8215 ], [ -68.3046, 10.8163 ], [ -68.3074, 10.8163 ], [ -68.3065, 10.8124 ], [ -68.2979, 10.8113 ], [ -68.2982, 10.8096 ], [ -68.3004, 10.8104 ], [ -68.299, 10.8068 ], [ -68.296, 10.8088 ], [ -68.2901, 10.809 ], [ -68.2901, 10.8076 ], [ -68.2946, 10.806 ], [ -68.2904, 10.8054 ], [ -68.2918, 10.8024 ], [ -68.3015, 10.7985 ], [ -68.3007, 10.794 ], [ -68.2954, 10.7913 ], [ -68.2962, 10.7854 ], [ -68.3046, 10.7874 ], [ -68.3071, 10.791 ], [ -68.3085, 10.7893 ], [ -68.3112, 10.7893 ], [ -68.3129, 10.7943 ], [ -68.3138, 10.7913 ], [ -68.3157, 10.7918 ], [ -68.319, 10.7896 ], [ -68.3238, 10.7813 ], [ -68.3243, 10.7685 ], [ -68.3215, 10.7588 ], [ -68.3215, 10.7529 ], [ -68.3171, 10.7415 ], [ -68.3176, 10.739 ], [ -68.3146, 10.7351 ], [ -68.3138, 10.7299 ], [ -68.3093, 10.7212 ], [ -68.2971, 10.6846 ], [ -68.2946, 10.6826 ], [ -68.2915, 10.671 ], [ -68.279, 10.6443 ], [ -68.2663, 10.6224 ], [ -68.4262, 10.626 ], [ -68.468, 10.6295 ], [ -68.5063, 10.635 ], [ -68.4805, 10.7328 ], [ -68.4896, 10.7349 ], [ -68.5296, 10.7561 ], [ -68.5481, 10.76 ], [ -68.5612, 10.7603 ], [ -68.5984, 10.7553 ], [ -68.6013, 10.781 ], [ -68.5988, 10.8006 ], [ -68.5952, 10.8152 ] ] ], [ [ [ -68.2835, 10.8138 ], [ -68.2818, 10.8126 ], [ -68.2779, 10.8135 ], [ -68.2776, 10.8085 ], [ -68.2835, 10.8068 ], [ -68.2882, 10.8096 ], [ -68.2849, 10.8104 ], [ -68.2862, 10.8129 ], [ -68.2835, 10.8138 ] ] ], [ [ [ -68.2701, 10.8474 ], [ -68.2699, 10.841 ], [ -68.2671, 10.8396 ], [ -68.2718, 10.8385 ], [ -68.2735, 10.8415 ], [ -68.274, 10.8393 ], [ -68.2757, 10.8393 ], [ -68.2726, 10.8374 ], [ -68.2735, 10.8329 ], [ -68.2715, 10.8324 ], [ -68.2715, 10.8368 ], [ -68.2679, 10.8365 ], [ -68.2674, 10.8351 ], [ -68.2624, 10.836 ], [ -68.2607, 10.8351 ], [ -68.2643, 10.834 ], [ -68.2651, 10.8318 ], [ -68.2674, 10.834 ], [ -68.2746, 10.8307 ], [ -68.2765, 10.8276 ], [ -68.2707, 10.8287 ], [ -68.2676, 10.8318 ], [ -68.2701, 10.8282 ], [ -68.2746, 10.8268 ], [ -68.274, 10.8229 ], [ -68.276, 10.8207 ], [ -68.2799, 10.8226 ], [ -68.2787, 10.8279 ], [ -68.2829, 10.8243 ], [ -68.2821, 10.8218 ], [ -68.2835, 10.8213 ], [ -68.2846, 10.8229 ], [ -68.2862, 10.8215 ], [ -68.2882, 10.8254 ], [ -68.2851, 10.8287 ], [ -68.2865, 10.8349 ], [ -68.2768, 10.8401 ], [ -68.2763, 10.8454 ], [ -68.2737, 10.8449 ], [ -68.2701, 10.8474 ] ] ], [ [ [ -68.2887, 10.8404 ], [ -68.2865, 10.8407 ], [ -68.2862, 10.8379 ], [ -68.2896, 10.834 ], [ -68.2929, 10.8385 ], [ -68.291, 10.8396 ], [ -68.2896, 10.8382 ], [ -68.2913, 10.841 ], [ -68.2887, 10.8404 ] ] ], [ [ [ -68.2421, 10.7293 ], [ -68.2429, 10.7282 ], [ -68.2449, 10.7282 ], [ -68.2432, 10.7301 ], [ -68.2421, 10.7293 ] ] ], [ [ [ -68.2321, 10.7426 ], [ -68.2349, 10.7424 ], [ -68.2349, 10.7393 ], [ -68.2363, 10.7399 ], [ -68.2351, 10.7432 ], [ -68.2321, 10.7426 ] ] ], [ [ [ -68.1976, 10.7804 ], [ -68.1996, 10.7782 ], [ -68.201, 10.7782 ], [ -68.1968, 10.7818 ], [ -68.1976, 10.7804 ] ] ], [ [ [ -68.2379, 10.8315 ], [ -68.2346, 10.829 ], [ -68.2371, 10.829 ], [ -68.2376, 10.8271 ], [ -68.2401, 10.8282 ], [ -68.2443, 10.8257 ], [ -68.2446, 10.8237 ], [ -68.2471, 10.824 ], [ -68.2474, 10.8224 ], [ -68.2443, 10.8226 ], [ -68.2457, 10.819 ], [ -68.2499, 10.8213 ], [ -68.2526, 10.8193 ], [ -68.2529, 10.8168 ], [ -68.2571, 10.8179 ], [ -68.2599, 10.8157 ], [ -68.2671, 10.8149 ], [ -68.2668, 10.8163 ], [ -68.2649, 10.8157 ], [ -68.2601, 10.819 ], [ -68.2596, 10.8237 ], [ -68.2562, 10.8232 ], [ -68.2538, 10.8204 ], [ -68.2549, 10.824 ], [ -68.2524, 10.8265 ], [ -68.2493, 10.8254 ], [ -68.2499, 10.8271 ], [ -68.2446, 10.831 ], [ -68.2404, 10.8299 ], [ -68.241, 10.8318 ], [ -68.2379, 10.8315 ] ] ], [ [ [ -68.2262, 10.8468 ], [ -68.2243, 10.8435 ], [ -68.2301, 10.844 ], [ -68.2307, 10.8424 ], [ -68.2288, 10.8407 ], [ -68.226, 10.8424 ], [ -68.2254, 10.8407 ], [ -68.2346, 10.8351 ], [ -68.2382, 10.8346 ], [ -68.2374, 10.841 ], [ -68.2329, 10.8418 ], [ -68.2318, 10.8449 ], [ -68.2262, 10.8468 ] ] ], [ [ [ -68.2804, 10.8468 ], [ -68.2785, 10.8454 ], [ -68.2785, 10.8424 ], [ -68.284, 10.8393 ], [ -68.2851, 10.8449 ], [ -68.2835, 10.8474 ], [ -68.2826, 10.8449 ], [ -68.2812, 10.8479 ], [ -68.2804, 10.8468 ] ] ], [ [ [ -68.2832, 10.8571 ], [ -68.2832, 10.8565 ], [ -68.2862, 10.8565 ], [ -68.2829, 10.8579 ], [ -68.2832, 10.8571 ] ] ] ] } },
{ "type": "Feature", "properties": { "GID_2": "VEN.12.23_1", "GID_0": "VEN", "COUNTRY": "Venezuela", "GID_1": "VEN.12_1", "NAME_1": "Falcón", "NL_NAME_1": "NA", "NAME_2": "Unión", "VARNAME_2": "NA", "NL_NAME_2": "NA", "TYPE_2": "Municipio", "ENGTYPE_2": "Municipality", "CC_2": "NA", "HASC_2": "NA", "impact_feature_count": 0, "impact_area_km2": 0.0, "pop_total": 6159.4930219650269, "pop_exposed": 0.0 }, "geometry": { "type": "MultiPolygon", "coordinates": [ [ [ [ -69.235, 10.7369 ], [ -69.2412, 10.7446 ], [ -69.2493, 10.759 ], [ -69.2572, 10.7778 ], [ -69.2647, 10.7777 ], [ -69.28, 10.7906 ], [ -69.2977, 10.7938 ], [ -69.3088, 10.7936 ], [ -69.3169, 10.7958 ], [ -69.3235, 10.802 ], [ -69.3259, 10.8094 ], [ -69.3257, 10.8455 ], [ -69.3305, 10.8631 ], [ -69.3267, 10.881 ], [ -69.3199, 10.8944 ], [ -69.3155, 10.9196 ], [ -69.3183, 10.9249 ], [ -69.3267, 10.9315 ], [ -69.3193, 10.9434 ], [ -69.3112, 10.9477 ], [ -69.2909, 10.9486 ], [ -69.249, 10.9622 ], [ -69.244, 10.9668 ], [ -69.2212, 11.0012 ], [ -69.2167, 11.0246 ], [ -69.2117, 11.0369 ], [ -69.1975, 11.0529 ], [ -69.1713, 11.0737 ], [ -69.1192, 10.9437 ], [ -69.099, 10.8828 ], [ -69.0915, 10.8751 ], [ -69.0518, 10.8708 ], [ -69.0332, 10.8626 ], [ -69.0071, 10.8545 ], [ -68.9696, 10.8505 ], [ -68.9504, 10.8431 ], [ -68.9402, 10.8312 ], [ -68.9375, 10.822 ], [ -68.938, 10.7979 ], [ -68.9347, 10.7841 ], [ -68.9354, 10.7635 ], [ -68.9339, 10.757 ], [ -68.9175, 10.7282 ], [ -68.9545, 10.7289 ], [ -68.988, 10.7222 ], [ -69.0348, 10.7076 ], [ -69.0537, 10.7044 ], [ -69.0732, 10.7141 ], [ -69.0897, 10.7176 ], [ -69.1302, 10.723 ], [ -69.1974, 10.735 ], [ -69.235, 10.7369 ] ] ] ] } },
{ "type": "Feature", "properties": { "GID_2": "VEN.13.8_1", "GID_0": "VEN", "COUNTRY": "Venezuela", "GID_1": "VEN.13_1", "NAME_1": "Guárico", "NL_NAME_1": "NA", "NAME_2": "Monagas", "VARNAME_2": "NA", "NL_NAME_2": "NA", "TYPE_2": "Municipio", "ENGTYPE_2": "Municipality", "CC_2": "NA", "HASC_2": "NA", "impact_feature_count": 69, "impact_area_km2": 0.0042376747026624658, "pop_total": 33736.659271717072, "pop_exposed": 2704.8213081359863 }, "geometry": { "type": "MultiPolygon", "coordinates": [ [ [ [ -66.6992, 9.2505 ], [ -66.661, 9.2979 ], [ -66.6175, 9.3471 ], [ -66.6071, 9.3685 ], [ -66.6004, 9.3871 ], [ -66.5952, 9.4284 ], [ -66.5882, 9.4448 ], [ -66.5777, 9.4864 ], [ -66.5961, 9.5196 ], [ -66.5996, 9.5384 ], [ -66.5965, 9.5599 ], [ -66.5885, 9.5881 ], [ -66.5863, 9.6558 ], [ -66.6201, 9.7014 ], [ -66.6322, 9.7145 ], [ -66.6388, 9.7286 ], [ -66.6386, 9.7392 ], [ -66.6334, 9.7486 ], [ -66.6389, 9.7483 ], [ -66.6358, 9.7591 ], [ -66.6318, 9.7682 ], [ -66.6193, 9.786 ], [ -66.6131, 9.802 ], [ -66.6099, 9.8206 ], [ -66.6104, 9.8506 ], [ -66.6068, 9.8822 ], [ -66.609, 9.8956 ], [ -66.6155, 9.9056 ], [ -66.6208, 9.9176 ], [ -66.6228, 9.9271 ], [ -66.6177, 9.956 ], [ -66.6183, 9.9627 ], [ -66.6258, 9.9792 ], [ -66.5993, 9.9777 ], [ -66.5697, 9.9794 ], [ -66.5485, 9.983 ], [ -66.5243, 9.9913 ], [ -66.5037, 10.0 ], [ -66.4788, 10.0158 ], [ -66.4534, 10.036 ], [ -66.4313, 10.0489 ], [ -66.4017, 10.0594 ], [ -66.3821, 10.0589 ], [ -66.359, 10.0529 ], [ -66.3385, 10.0412 ], [ -66.3092, 10.0077 ], [ -66.2988, 10.0001 ], [ -66.2812, 9.994 ], [ -66.2286, 9.9853 ], [ -66.135, 9.9652 ], [ -66.1167, 9.9649 ], [ -66.0844, 9.9707 ], [ -66.0633, 9.9798 ], [ -66.0437, 9.9858 ], [ -66.0206, 9.9854 ], [ -65.9588, 9.9749 ], [ -65.9218, 9.9745 ], [ -65.9226, 9.96 ], [ -65.9276, 9.9298 ], [ -65.9336, 9.9049 ], [ -65.9419, 9.8833 ], [ -65.9694, 9.8554 ], [ -65.9749, 9.8481 ], [ -65.9775, 9.8365 ], [ -65.9772, 9.7477 ], [ -65.9749, 9.7393 ], [ -65.9617, 9.7235 ], [ -65.9591, 9.7175 ], [ -65.9602, 9.7085 ], [ -65.9644, 9.7035 ], [ -65.9732, 9.698 ], [ -65.9799, 9.6894 ], [ -65.9786, 9.6654 ], [ -65.9613, 9.6094 ], [ -65.9695, 9.6103 ], [ -65.9775, 9.6137 ], [ -66.0002, 9.6279 ], [ -66.0465, 9.6658 ], [ -66.0596, 9.6723 ], [ -66.079, 9.6732 ], [ -66.1175, 9.6657 ], [ -66.126, 9.6598 ], [ -66.1288, 9.6535 ], [ -66.1353, 9.623 ], [ -66.1405, 9.6177 ], [ -66.2266, 9.6015 ], [ -66.3155, 9.58 ], [ -66.343, 9.5416 ], [ -66.3854, 9.5195 ], [ -66.3948, 9.511 ], [ -66.4035, 9.4825 ], [ -66.4107, 9.4378 ], [ -66.4165, 9.4225 ], [ -66.4255, 9.4076 ], [ -66.4492, 9.3801 ], [ -66.4632, 9.3706 ], [ -66.4799, 9.3627 ], [ -66.5156, 9.3349 ], [ -66.5275, 9.3226 ], [ -66.5514, 9.2785 ], [ -66.56, 9.2704 ], [ -66.5746, 9.2622 ], [ -66.5888, 9.2572 ], [ -66.6016, 9.2481 ], [ -66.6078, 9.2417 ], [ -66.6166, 9.2363 ], [ -66.651, 9.2255 ], [ -66.6718, 9.2221 ], [ -66.681, 9.2217 ], [ -66.6907, 9.2396 ], [ -66.6992, 9.2505 ] ] ] ] } },
{ "type": "Feature", "properties": { "GID_2": "VEN.13.9_1", "GID_0": "VEN", "COUNTRY": "Venezuela", "GID_1": "VEN.13_1", "NAME_1": "Guárico", "NL_NAME_1": "NA", "NAME_2": "Ortíz", "VARNAME_2": "NA", "NL_NAME_2": "NA", "TYPE_2": "Municipio", "ENGTYPE_2": "Municipality", "CC_2": "NA", "HASC_2": "NA", "impact_feature_count": 0, "impact_area_km2": 0.0, "pop_total": 1033.2491415739059, "pop_exposed": 0.0 }, "geometry": { "type": "MultiPolygon", "coordinates": [ [ [ [ -67.7885, 9.9268 ], [ -67.7834, 9.9281 ], [ -67.7697, 9.9235 ], [ -67.7582, 9.9147 ], [ -67.7317, 9.8905 ], [ -67.717, 9.8729 ], [ -67.6996, 9.8454 ], [ -67.6901, 9.8409 ], [ -67.6727, 9.8418 ], [ -67.6524, 9.8545 ], [ -67.6426, 9.8647 ], [ -67.6257, 9.8768 ], [ -67.579, 9.8806 ], [ -67.5716, 9.8891 ], [ -67.5645, 9.9032 ], [ -67.5562, 9.914 ], [ -67.5439, 9.9206 ], [ -67.535, 9.9193 ], [ -67.5242, 9.9076 ], [ -67.5198, 9.9049 ], [ -67.5243, 9.8869 ], [ -67.5227, 9.7611 ], [ -67.5215, 9.7369 ], [ -67.5189, 9.7303 ], [ -67.5125, 9.724 ], [ -67.5033, 9.7203 ], [ -67.4741, 9.7225 ], [ -67.4278, 9.7371 ], [ -67.4151, 9.7359 ], [ -67.3995, 9.7298 ], [ -67.3709, 9.7118 ], [ -67.3411, 9.697 ], [ -67.3258, 9.6925 ], [ -67.2701, 9.6825 ], [ -67.2517, 9.6765 ], [ -67.2384, 9.6698 ], [ -67.2298, 9.6617 ], [ -67.223, 9.6514 ], [ -67.1851, 9.5708 ], [ -67.2008, 9.5403 ], [ -67.2394, 9.4791 ], [ -67.2418, 9.4672 ], [ -67.2418, 9.4539 ], [ -67.2344, 9.4159 ], [ -67.2271, 9.3923 ], [ -67.2293, 9.3776 ], [ -67.2413, 9.3505 ], [ -67.2542, 9.3297 ], [ -67.2663, 9.3174 ], [ -67.293, 9.3002 ], [ -67.3335, 9.2678 ], [ -67.3394, 9.2576 ], [ -67.3406, 9.2291 ], [ -67.3436, 9.2184 ], [ -67.3675, 9.175 ], [ -67.3724, 9.1767 ], [ -67.3961, 9.1767 ], [ -67.4185, 9.1817 ], [ -67.4302, 9.1871 ], [ -67.4373, 9.1885 ], [ -67.4525, 9.1877 ], [ -67.4618, 9.1826 ], [ -67.4778, 9.1781 ], [ -67.5085, 9.1762 ], [ -67.863, 9.1768 ], [ -67.8644, 9.1952 ], [ -67.862, 9.2239 ], [ -67.8623, 9.2421 ], [ -67.8816, 9.2753 ], [ -67.9046, 9.2972 ], [ -67.9136, 9.3086 ], [ -67.9179, 9.3224 ], [ -67.9157, 9.3351 ], [ -67.8969, 9.3853 ], [ -67.8949, 9.4007 ], [ -67.9052, 9.4284 ], [ -67.9033, 9.4505 ], [ -67.9041, 9.4662 ], [ -67.908, 9.4748 ], [ -67.9098, 9.4871 ], [ -67.9151, 9.4985 ], [ -67.9341, 9.5292 ], [ -67.9396, 9.547 ], [ -67.937, 9.5635 ], [ -67.931, 9.5739 ], [ -67.9058, 9.5892 ], [ -67.896, 9.618 ], [ -67.8834, 9.629 ], [ -67.8711, 9.6308 ], [ -67.854, 9.6296 ], [ -67.8363, 9.6318 ], [ -67.8051, 9.6444 ], [ -67.7738, 9.6698 ], [ -67.7596, 9.6875 ], [ -67.7332, 9.7012 ], [ -67.7283, 9.7165 ], [ -67.7332, 9.7359 ], [ -67.7494, 9.7608 ], [ -67.7586, 9.7921 ], [ -67.7674, 9.8033 ], [ -67.7811, 9.833 ], [ -67.7892, 9.8467 ], [ -67.7963, 9.8531 ], [ -67.8025, 9.855 ], [ -67.8084, 9.8916 ], [ -67.8091, 9.9016 ], [ -67.8074, 9.9143 ], [ -67.799, 9.9239 ], [ -67.7885, 9.9268 ] ] ] ] } },
{ "type": "Feature", "properties": { "GID_2": "VEN.13.11_1", "GID_0": "VEN", "COUNTRY": "Venezuela", "GID_1": "VEN.13_1", "NAME_1": "Guárico", "NL_NAME_1": "NA", "NAME_2": "Roscio", "VARNAME_2": "NA", "NL_NAME_2": "NA", "TYPE_2": "Municipio", "ENGTYPE_2": "Municipality", "CC_2": "NA", "HASC_2": "NA", "impact_feature_count": 34, "impact_area_km2": 0.004871170703614325, "pop_total": 115166.20711374283, "pop_exposed": 2695.1026096343994 }, "geometry": { "type": "MultiPolygon", "coordinates": [ [ [ [ -67.1087, 9.8531 ], [ -67.0969, 9.8366 ], [ -67.0842, 9.8288 ], [ -67.0582, 9.8247 ], [ -67.0472, 9.818 ], [ -67.0265, 9.7972 ], [ -67.0122, 9.7873 ], [ -66.9839, 9.7805 ], [ -66.9789, 9.7747 ], [ -66.9688, 9.7457 ], [ -66.9631, 9.7397 ], [ -66.9465, 9.7302 ], [ -66.9827, 9.6782 ], [ -66.9901, 9.6717 ], [ -67.005, 9.6664 ], [ -67.0277, 9.6627 ], [ -67.0407, 9.6543 ], [ -67.0502, 9.6433 ], [ -67.065, 9.6208 ], [ -67.0727, 9.613 ], [ -67.1316, 9.5861 ], [ -67.1462, 9.5838 ], [ -67.1681, 9.5838 ], [ -67.1803, 9.5754 ], [ -67.1858, 9.5695 ], [ -67.1854, 9.5733 ], [ -67.223, 9.6514 ], [ -67.2298, 9.6617 ], [ -67.2384, 9.6698 ], [ -67.2517, 9.6765 ], [ -67.2701, 9.6825 ], [ -67.3258, 9.6925 ], [ -67.3411, 9.697 ], [ -67.3709, 9.7118 ], [ -67.3995, 9.7298 ], [ -67.4151, 9.7359 ], [ -67.4278, 9.7371 ], [ -67.4741, 9.7225 ], [ -67.5033, 9.7203 ], [ -67.5125, 9.724 ], [ -67.5189, 9.7303 ], [ -67.5215, 9.7369 ], [ -67.5243, 9.8869 ], [ -67.5198, 9.9049 ], [ -67.5168, 9.9031 ], [ -67.5037, 9.9045 ], [ -67.5006, 9.9081 ], [ -67.5009, 9.9244 ], [ -67.5075, 9.9406 ], [ -67.5105, 9.9553 ], [ -67.5083, 9.983 ], [ -67.5008, 9.981 ], [ -67.4821, 9.9812 ], [ -67.4627, 9.9859 ], [ -67.4275, 9.9983 ], [ -67.4081, 10.0014 ], [ -67.3881, 9.9971 ], [ -67.3453, 9.9721 ], [ -67.3277, 9.9666 ], [ -67.3054, 9.9634 ], [ -67.2898, 9.9633 ], [ -67.2786, 9.9591 ], [ -67.2653, 9.95 ], [ -67.2475, 9.9409 ], [ -67.2073, 9.9409 ], [ -67.1924, 9.9393 ], [ -67.1771, 9.9323 ], [ -67.1664, 9.9233 ], [ -67.1386, 9.879 ], [ -67.113, 9.8591 ], [ -67.1087, 9.8531 ] ] ] ] } },
{ "type": "Feature", "properties": { "GID_2": "VEN.14.2_1", "GID_0": "VEN", "COUNTRY": "Venezuela", "GID_1": "VEN.14_1", "NAME_1": "Lara", "NL_NAME_1": "NA", "NAME_2": "Crespo", "VARNAME_2": "NA", "NL_NAME_2": "NA", "TYPE_2": "Municipio", "ENGTYPE_2": "Municipality", "CC_2": "NA", "HASC_2": "NA", "impact_feature_count": 11, "impact_area_km2": 0.0032218098362739814, "pop_total": 34235.732964515686, "pop_exposed": 2805.3784484863281 }, "geometry": { "type": "MultiPolygon", "coordinates": [ [ [ [ -69.1381, 10.2487 ], [ -69.1491, 10.271 ], [ -69.1539, 10.2923 ], [ -69.1539, 10.3026 ], [ -69.1735, 10.2995 ], [ -69.1902, 10.2881 ], [ -69.1979, 10.2863 ], [ -69.2036, 10.2877 ], [ -69.2169, 10.2952 ], [ -69.2548, 10.3027 ], [ -69.2778, 10.3103 ], [ -69.2878, 10.317 ], [ -69.3054, 10.3477 ], [ -69.3077, 10.3557 ], [ -69.3075, 10.3641 ], [ -69.3043, 10.369 ], [ -69.275, 10.3875 ], [ -69.2664, 10.396 ], [ -69.2635, 10.4044 ], [ -69.2594, 10.427 ], [ -69.2591, 10.4407 ], [ -69.2613, 10.453 ], [ -69.2645, 10.4607 ], [ -69.2677, 10.4654 ], [ -69.2739, 10.4693 ], [ -69.2671, 10.4794 ], [ -69.2585, 10.5171 ], [ -69.2522, 10.5375 ], [ -69.2144, 10.5359 ], [ -69.1512, 10.5153 ], [ -69.1339, 10.518 ], [ -69.1165, 10.5431 ], [ -69.0904, 10.5496 ], [ -69.0547, 10.5433 ], [ -69.0272, 10.5192 ], [ -69.0327, 10.4906 ], [ -69.0326, 10.4772 ], [ -69.0299, 10.4686 ], [ -69.0231, 10.4622 ], [ -68.9972, 10.471 ], [ -68.9832, 10.47 ], [ -68.981, 10.4564 ], [ -68.983, 10.443 ], [ -68.9897, 10.4206 ], [ -68.991, 10.4089 ], [ -68.9886, 10.3842 ], [ -68.984, 10.3716 ], [ -68.9757, 10.3573 ], [ -68.9737, 10.3475 ], [ -68.9784, 10.3332 ], [ -69.0028, 10.3091 ], [ -69.0106, 10.2991 ], [ -69.0179, 10.2959 ], [ -69.0279, 10.2971 ], [ -69.0374, 10.3119 ], [ -69.0423, 10.3138 ], [ -69.0478, 10.314 ], [ -69.0576, 10.3091 ], [ -69.0804, 10.2735 ], [ -69.1029, 10.2596 ], [ -69.1381, 10.2487 ] ] ] ] } },
{ "type": "Feature", "properties": { "GID_2": "VEN.14.3_1", "GID_0": "VEN", "COUNTRY": "Venezuela", "GID_1": "VEN.14_1", "NAME_1": "Lara", "NL_NAME_1": "NA", "NAME_2": "Iribarren", "VARNAME_2": "NA", "NL_NAME_2": "NA", "TYPE_2": "Municipio", "ENGTYPE_2": "Municipality", "CC_2": "NA", "HASC_2": "NA", "impact_feature_count": 6, "impact_area_km2": 0.00021909535809762755, "pop_total": 11539.713386535645, "pop_exposed": 3601.2880859375 }, "geometry": { "type": "MultiPolygon", "coordinates": [ [ [ [ -69.3271, 9.7481 ], [ -69.3627, 9.7712 ], [ -69.3748, 9.7942 ], [ -69.3793, 9.7974 ], [ -69.394, 9.7998 ], [ -69.443, 9.8034 ], [ -69.4486, 9.8107 ], [ -69.4477, 9.8334 ], [ -69.4448, 9.8403 ], [ -69.4444, 9.8459 ], [ -69.4467, 9.8504 ], [ -69.4651, 9.8629 ], [ -69.476, 9.879 ], [ -69.4814, 9.8969 ], [ -69.4811, 9.906 ], [ -69.477, 9.914 ], [ -69.47, 9.9211 ], [ -69.4681, 9.9257 ], [ -69.4686, 9.931 ], [ -69.4864, 9.9397 ], [ -69.4918, 9.946 ], [ -69.5037, 10.0189 ], [ -69.5075, 10.025 ], [ -69.5164, 10.0338 ], [ -69.5353, 10.0491 ], [ -69.5651, 10.0782 ], [ -69.567, 10.0856 ], [ -69.5648, 10.1462 ], [ -69.5659, 10.1503 ], [ -69.5808, 10.1628 ], [ -69.624, 10.1886 ], [ -69.6305, 10.1942 ], [ -69.6381, 10.2103 ], [ -69.6376, 10.2289 ], [ -69.6398, 10.2362 ], [ -69.649, 10.2455 ], [ -69.6579, 10.2513 ], [ -69.6626, 10.2566 ], [ -69.6649, 10.2628 ], [ -69.6646, 10.2846 ], [ -69.6626, 10.2952 ], [ -69.6336, 10.3411 ], [ -69.6316, 10.3491 ], [ -69.6263, 10.3575 ], [ -69.6194, 10.3643 ], [ -69.599, 10.4034 ], [ -69.5987, 10.4205 ], [ -69.6059, 10.4452 ], [ -69.5799, 10.4584 ], [ -69.5383, 10.4973 ], [ -69.5102, 10.5106 ], [ -69.4954, 10.5142 ], [ -69.4794, 10.5225 ], [ -69.4576, 10.5406 ], [ -69.4418, 10.5634 ], [ -69.4303, 10.5691 ], [ -69.4171, 10.5692 ], [ -69.3949, 10.566 ], [ -69.3095, 10.5449 ], [ -69.2522, 10.5375 ], [ -69.2585, 10.5171 ], [ -69.2671, 10.4794 ], [ -69.2739, 10.4693 ], [ -69.2677, 10.4654 ], [ -69.2645, 10.4607 ], [ -69.2613, 10.453 ], [ -69.2591, 10.4407 ], [ -69.2594, 10.427 ], [ -69.2635, 10.4044 ], [ -69.2664, 10.396 ], [ -69.275, 10.3875 ], [ -69.3043, 10.369 ], [ -69.3075, 10.3641 ], [ -69.3077, 10.3557 ], [ -69.3054, 10.3477 ], [ -69.2878, 10.317 ], [ -69.2778, 10.3103 ], [ -69.2548, 10.3027 ], [ -69.2169, 10.2952 ], [ -69.2036, 10.2877 ], [ -69.1979, 10.2863 ], [ -69.1902, 10.2881 ], [ -69.1735, 10.2995 ], [ -69.1539, 10.3026 ], [ -69.1539, 10.2923 ], [ -69.1491, 10.271 ], [ -69.1381, 10.2487 ], [ -69.1504, 10.2453 ], [ -69.1689, 10.2363 ], [ -69.1773, 10.2264 ], [ -69.181, 10.2115 ], [ -69.1806, 10.1992 ], [ -69.1725, 10.1583 ], [ -69.168, 10.149 ], [ -69.1763, 10.1414 ], [ -69.2229, 10.1207 ], [ -69.2427, 10.11 ], [ -69.2703, 10.092 ], [ -69.2803, 10.0798 ], [ -69.2849, 10.0676 ], [ -69.2852, 10.0559 ], [ -69.2822, 10.0355 ], [ -69.2761, 10.0111 ], [ -69.2662, 9.9883 ], [ -69.2459, 9.9612 ], [ -69.2302, 9.9363 ], [ -69.2364, 9.9332 ], [ -69.2386, 9.9298 ], [ -69.2485, 9.901 ], [ -69.2546, 9.8895 ], [ -69.2659, 9.8764 ], [ -69.2728, 9.8693 ], [ -69.2825, 9.8632 ], [ -69.3135, 9.847 ], [ -69.3204, 9.8413 ], [ -69.3261, 9.8318 ], [ -69.3251, 9.8045 ], [ -69.3199, 9.7789 ], [ -69.3193, 9.7658 ], [ -69.3271, 9.7481 ] ] ] ] } },
{ "type": "Feature", "properties": { "GID_2": "VEN.14.6_1", "GID_0": "VEN", "COUNTRY": "Venezuela", "GID_1": "VEN.14_1", "NAME_1": "Lara", "NL_NAME_1": "NA", "NAME_2": "Palavecino", "VARNAME_2": "NA", "NL_NAME_2": "NA", "TYPE_2": "Municipio", "ENGTYPE_2": "Municipality", "CC_2": "NA", "HASC_2": "NA", "impact_feature_count": 70, "impact_area_km2": 0.0080130205382805478, "pop_total": 50352.138725280762, "pop_exposed": 9365.6465835571289 }, "geometry": { "type": "MultiPolygon", "coordinates": [ [ [ [ -69.234, 9.9431 ], [ -69.2703, 9.9958 ], [ -69.2789, 10.0201 ], [ -69.2822, 10.0355 ], [ -69.2852, 10.0559 ], [ -69.2849, 10.0676 ], [ -69.2803, 10.0798 ], [ -69.2703, 10.092 ], [ -69.2427, 10.11 ], [ -69.2229, 10.1207 ], [ -69.1763, 10.1414 ], [ -69.168, 10.149 ], [ -69.1519, 10.1186 ], [ -69.1429, 10.1115 ], [ -69.1108, 10.0955 ], [ -69.1, 10.0847 ], [ -69.0969, 10.0689 ], [ -69.0991, 10.0513 ], [ -69.104, 10.0323 ], [ -69.1008, 10.0138 ], [ -69.1113, 10.0082 ], [ -69.1555, 9.9747 ], [ -69.1679, 9.9682 ], [ -69.1843, 9.9627 ], [ -69.2336, 9.9518 ], [ -69.234, 9.9431 ] ] ] ] } },
{ "type": "Feature", "properties": { "GID_2": "VEN.14.7_1", "GID_0": "VEN", "COUNTRY": "Venezuela", "GID_1": "VEN.14_1", "NAME_1": "Lara", "NL_NAME_1": "NA", "NAME_2": "SimónPlanas", "VARNAME_2": "NA", "NL_NAME_2": "NA", "TYPE_2": "Municipio", "ENGTYPE_2": "Municipality", "CC_2": "NA", "HASC_2": "NA", "impact_feature_count": 28, "impact_area_km2": 0.0021510567570416695, "pop_total": 18979.788620471954, "pop_exposed": 422.73833847045898 }, "geometry": { "type": "MultiPolygon", "coordinates": [ [ [ [ -68.9219, 9.8949 ], [ -68.925, 9.8731 ], [ -68.9334, 9.8506 ], [ -68.9388, 9.8241 ], [ -68.9437, 9.8109 ], [ -68.9505, 9.8041 ], [ -68.9709, 9.7949 ], [ -68.9749, 9.7913 ], [ -68.9871, 9.8007 ], [ -69.0021, 9.8017 ], [ -69.0083, 9.7978 ], [ -69.032, 9.7632 ], [ -69.0523, 9.7609 ], [ -69.0655, 9.7613 ], [ -69.093, 9.754 ], [ -69.1061, 9.7582 ], [ -69.1613, 9.7632 ], [ -69.1973, 9.7764 ], [ -69.2112, 9.7857 ], [ -69.2216, 9.8007 ], [ -69.2232, 9.8111 ], [ -69.2193, 9.8216 ], [ -69.2107, 9.8331 ], [ -69.2027, 9.8475 ], [ -69.204, 9.86 ], [ -69.2165, 9.8789 ], [ -69.2181, 9.8875 ], [ -69.2175, 9.9029 ], [ -69.2128, 9.9166 ], [ -69.211, 9.9304 ], [ -69.2185, 9.9369 ], [ -69.2302, 9.9363 ], [ -69.234, 9.9431 ], [ -69.2336, 9.9518 ], [ -69.1843, 9.9627 ], [ -69.1679, 9.9682 ], [ -69.1555, 9.9747 ], [ -69.1113, 10.0082 ], [ -69.1008, 10.0138 ], [ -69.0821, 9.9823 ], [ -69.0675, 9.9456 ], [ -69.0621, 9.9389 ], [ -69.0557, 9.9359 ], [ -69.0498, 9.9422 ], [ -69.0471, 10.0033 ], [ -69.0454, 10.0124 ], [ -69.0385, 10.021 ], [ -69.0267, 10.0276 ], [ -69.0065, 10.0332 ], [ -68.9932, 10.0389 ], [ -68.9414, 10.0684 ], [ -68.931, 10.0706 ], [ -68.9173, 10.0662 ], [ -68.898, 10.0343 ], [ -68.889, 10.0257 ], [ -68.8697, 10.0133 ], [ -68.862, 10.0023 ], [ -68.8642, 9.9932 ], [ -68.8714, 9.9864 ], [ -68.9015, 9.9707 ], [ -68.9121, 9.9608 ], [ -68.9193, 9.9498 ], [ -68.9286, 9.9259 ], [ -68.9301, 9.9105 ], [ -68.9287, 9.9027 ], [ -68.9218, 9.8976 ], [ -68.9219, 9.8949 ] ] ] ] } },
{ "type": "Feature", "properties": { "GID_2": "VEN.14.9_1", "GID_0": "VEN", "COUNTRY": "Venezuela", "GID_1": "VEN.14_1", "NAME_1": "Lara", "NL_NAME_1": "NA", "NAME_2": "Urdaneta", "VARNAME_2": "NA", "NL_NAME_2": "NA", "TYPE_2": "Municipio", "ENGTYPE_2": "Municipality", "CC_2": "NA", "HASC_2": "NA", "impact_feature_count": 0, "impact_area_km2": 0.0, "pop_total": 5157.2321584224701, "pop_exposed": 0.0 }, "geometry": { "type": "MultiPolygon", "coordinates": [ [ [ [ -70.3278, 10.5583 ], [ -70.3083, 10.5688 ], [ -70.287, 10.5765 ], [ -70.2661, 10.5798 ], [ -70.2425, 10.5881 ], [ -70.2118, 10.6031 ], [ -70.1722, 10.6257 ], [ -70.1319, 10.6653 ], [ -70.1182, 10.6715 ], [ -70.0944, 10.6713 ], [ -70.0711, 10.666 ], [ -70.0412, 10.6632 ], [ -69.9827, 10.6863 ], [ -69.955, 10.691 ], [ -69.9282, 10.6984 ], [ -69.9034, 10.7097 ], [ -69.8528, 10.7386 ], [ -69.8316, 10.747 ], [ -69.8173, 10.7487 ], [ -69.791, 10.7388 ], [ -69.7714, 10.735 ], [ -69.7535, 10.739 ], [ -69.7352, 10.7491 ], [ -69.705, 10.7607 ], [ -69.6773, 10.7664 ], [ -69.6354, 10.7802 ], [ -69.605, 10.7827 ], [ -69.5386, 10.7754 ], [ -69.5276, 10.7692 ], [ -69.5094, 10.743 ], [ -69.5017, 10.7365 ], [ -69.4897, 10.7302 ], [ -69.4666, 10.7267 ], [ -69.4489, 10.7277 ], [ -69.3718, 10.7423 ], [ -69.3436, 10.7419 ], [ -69.2842, 10.7334 ], [ -69.2535, 10.7339 ], [ -69.2322, 10.7373 ], [ -69.1974, 10.735 ], [ -69.1302, 10.723 ], [ -69.0897, 10.7176 ], [ -69.0732, 10.7141 ], [ -69.0537, 10.7044 ], [ -69.0348, 10.7076 ], [ -68.988, 10.7222 ], [ -68.9545, 10.7289 ], [ -68.9198, 10.728 ], [ -68.8986, 10.7303 ], [ -68.8883, 10.7299 ], [ -68.8807, 10.7248 ], [ -68.8675, 10.7086 ], [ -68.8672, 10.6998 ], [ -68.8703, 10.6902 ], [ -68.8831, 10.6794 ], [ -68.9009, 10.6694 ], [ -68.9179, 10.6564 ], [ -68.9271, 10.6405 ], [ -68.9352, 10.62 ], [ -68.9429, 10.6059 ], [ -68.9569, 10.594 ], [ -68.9721, 10.5874 ], [ -68.9846, 10.5784 ], [ -68.9982, 10.5534 ], [ -69.0078, 10.5408 ], [ -69.016, 10.5361 ], [ -69.0262, 10.5235 ], [ -69.0272, 10.5192 ], [ -69.0547, 10.5433 ], [ -69.0792, 10.5484 ], [ -69.0904, 10.5496 ], [ -69.1165, 10.5431 ], [ -69.1339, 10.518 ], [ -69.1512, 10.5153 ], [ -69.2144, 10.5359 ], [ -69.2522, 10.5375 ], [ -69.3095, 10.5449 ], [ -69.3949, 10.566 ], [ -69.4171, 10.5692 ], [ -69.4303, 10.5691 ], [ -69.4418, 10.5634 ], [ -69.4576, 10.5406 ], [ -69.4794, 10.5225 ], [ -69.4954, 10.5142 ], [ -69.5102, 10.5106 ], [ -69.5383, 10.4973 ], [ -69.5799, 10.4584 ], [ -69.618, 10.439 ], [ -69.6309, 10.4432 ], [ -69.6434, 10.4521 ], [ -69.6436, 10.457 ], [ -69.6387, 10.4675 ], [ -69.6401, 10.4742 ], [ -69.6448, 10.48 ], [ -69.6502, 10.4827 ], [ -69.6909, 10.4921 ], [ -69.7333, 10.4985 ], [ -69.7611, 10.5056 ], [ -69.7764, 10.5051 ], [ -69.7851, 10.5005 ], [ -69.817, 10.4699 ], [ -69.8282, 10.4613 ], [ -69.8695, 10.4455 ], [ -69.9277, 10.4372 ], [ -69.933, 10.4404 ], [ -69.94, 10.4636 ], [ -69.9464, 10.47 ], [ -69.9559, 10.472 ], [ -69.9703, 10.468 ], [ -70.002, 10.4489 ], [ -70.0116, 10.4477 ], [ -70.0446, 10.4497 ], [ -70.0533, 10.4477 ], [ -70.0614, 10.443 ], [ -70.0713, 10.4401 ], [ -70.092, 10.4441 ], [ -70.1225, 10.4625 ], [ -70.1306, 10.4715 ], [ -70.1691, 10.5375 ], [ -70.178, 10.5505 ], [ -70.1832, 10.5548 ], [ -70.1909, 10.558 ], [ -70.2033, 10.5579 ], [ -70.2156, 10.5558 ], [ -70.2539, 10.5425 ], [ -70.2786, 10.5408 ], [ -70.3003, 10.5522 ], [ -70.3278, 10.5583 ] ] ] ] } },
{ "type": "Feature", "properties": { "GID_2": "VEN.16.1_1", "GID_0": "VEN", "COUNTRY": "Venezuela", "GID_1": "VEN.16_1", "NAME_1": "Miranda", "NL_NAME_1": "NA", "NAME_2": "Acevedo", "VARNAME_2": "NA", "NL_NAME_2": "NA", "TYPE_2": "Municipio", "ENGTYPE_2": "Municipality", "CC_2": "NA", "HASC_2": "NA", "impact_feature_count": 111, "impact_area_km2": 0.010462393307437683, "pop_total": 82979.888499259949, "pop_exposed": 3460.0670785903931 }, "geometry": { "type": "MultiPolygon", "coordinates": [ [ [ [ -66.0722, 9.976 ], [ -66.0844, 9.9707 ], [ -66.1167, 9.9649 ], [ -66.135, 9.9652 ], [ -66.1575, 9.9695 ], [ -66.2286, 9.9853 ], [ -66.2812, 9.994 ], [ -66.2988, 10.0001 ], [ -66.3092, 10.0077 ], [ -66.3385, 10.0412 ], [ -66.359, 10.0529 ], [ -66.3821, 10.0589 ], [ -66.4017, 10.0594 ], [ -66.4313, 10.0489 ], [ -66.4514, 10.0371 ], [ -66.461, 10.0422 ], [ -66.4937, 10.0488 ], [ -66.5222, 10.0588 ], [ -66.5343, 10.067 ], [ -66.5386, 10.0847 ], [ -66.5364, 10.1026 ], [ -66.5333, 10.1132 ], [ -66.5135, 10.1388 ], [ -66.5088, 10.1706 ], [ -66.5046, 10.1818 ], [ -66.5045, 10.1904 ], [ -66.5077, 10.1984 ], [ -66.5089, 10.2113 ], [ -66.5046, 10.2317 ], [ -66.5045, 10.2434 ], [ -66.5071, 10.2531 ], [ -66.5122, 10.2557 ], [ -66.5167, 10.2558 ], [ -66.5085, 10.2824 ], [ -66.5, 10.3032 ], [ -66.5006, 10.3125 ], [ -66.5192, 10.3531 ], [ -66.4963, 10.3421 ], [ -66.4871, 10.3416 ], [ -66.4617, 10.3986 ], [ -66.4465, 10.3872 ], [ -66.4394, 10.385 ], [ -66.4267, 10.3849 ], [ -66.4181, 10.3883 ], [ -66.4118, 10.3982 ], [ -66.4079, 10.4087 ], [ -66.4036, 10.455 ], [ -66.398, 10.4604 ], [ -66.3687, 10.469 ], [ -66.3668, 10.473 ], [ -66.3675, 10.4907 ], [ -66.3636, 10.5089 ], [ -66.3548, 10.5133 ], [ -66.3511, 10.523 ], [ -66.3505, 10.5348 ], [ -66.3489, 10.5355 ], [ -66.308, 10.5229 ], [ -66.2976, 10.518 ], [ -66.2833, 10.5054 ], [ -66.2798, 10.4944 ], [ -66.2792, 10.4794 ], [ -66.2829, 10.4724 ], [ -66.2788, 10.4674 ], [ -66.2621, 10.4674 ], [ -66.2506, 10.4657 ], [ -66.2077, 10.4417 ], [ -66.2042, 10.4335 ], [ -66.2073, 10.4247 ], [ -66.2221, 10.418 ], [ -66.2287, 10.4069 ], [ -66.232, 10.3668 ], [ -66.235, 10.3583 ], [ -66.2335, 10.349 ], [ -66.2275, 10.341 ], [ -66.1709, 10.2968 ], [ -66.1065, 10.2514 ], [ -66.0966, 10.2422 ], [ -66.0863, 10.2216 ], [ -66.0701, 10.2037 ], [ -66.0707, 10.1848 ], [ -66.0692, 10.1792 ], [ -66.0647, 10.1743 ], [ -66.0589, 10.1627 ], [ -66.0589, 10.1514 ], [ -66.0622, 10.1453 ], [ -66.0761, 10.131 ], [ -66.0827, 10.127 ], [ -66.0951, 10.1258 ], [ -66.1107, 10.1217 ], [ -66.118, 10.1094 ], [ -66.1462, 10.091 ], [ -66.1493, 10.0845 ], [ -66.1484, 10.0795 ], [ -66.1439, 10.0734 ], [ -66.1241, 10.0626 ], [ -66.1223, 10.0575 ], [ -66.125, 10.0489 ], [ -66.1302, 10.044 ], [ -66.1317, 10.0401 ], [ -66.1305, 10.0377 ], [ -66.1146, 10.0226 ], [ -66.0869, 10.009 ], [ -66.0798, 9.9997 ], [ -66.0722, 9.976 ] ] ] ] } },
{ "type": "Feature", "properties": { "GID_2": "VEN.16.3_1", "GID_0": "VEN", "COUNTRY": "Venezuela", "GID_1": "VEN.16_1", "NAME_1": "Miranda", "NL_NAME_1": "NA", "NAME_2": "Baruta", "VARNAME_2": "NA", "NL_NAME_2": "NA", "TYPE_2": "Municipio", "ENGTYPE_2": "Municipality", "CC_2": "NA", "HASC_2": "NA", "impact_feature_count": 1488, "impact_area_km2": 0.22914032503460344, "pop_total": 211487.291847229, "pop_exposed": 163199.40209960938 }, "geometry": { "type": "MultiPolygon", "coordinates": [ [ [ [ -66.8898, 10.4323 ], [ -66.8863, 10.4332 ], [ -66.8667, 10.4559 ], [ -66.8578, 10.4688 ], [ -66.8522, 10.4867 ], [ -66.8007, 10.4878 ], [ -66.7924, 10.4801 ], [ -66.7907, 10.4711 ], [ -66.7919, 10.467 ], [ -66.7972, 10.4622 ], [ -66.8059, 10.4595 ], [ -66.812, 10.4556 ], [ -66.8203, 10.441 ], [ -66.8305, 10.427 ], [ -66.8295, 10.4165 ], [ -66.8275, 10.4112 ], [ -66.8215, 10.4033 ], [ -66.8179, 10.3907 ], [ -66.8156, 10.3883 ], [ -66.7877, 10.3857 ], [ -66.7682, 10.3821 ], [ -66.7256, 10.3817 ], [ -66.747, 10.3649 ], [ -66.7646, 10.3607 ], [ -66.7984, 10.356 ], [ -66.8186, 10.3486 ], [ -66.8276, 10.3549 ], [ -66.8341, 10.3646 ], [ -66.8619, 10.3768 ], [ -66.863, 10.3896 ], [ -66.874, 10.3905 ], [ -66.8772, 10.3943 ], [ -66.8791, 10.401 ], [ -66.8815, 10.4226 ], [ -66.8898, 10.4323 ] ] ] ] } },
{ "type": "Feature", "properties": { "GID_2": "VEN.16.4_1", "GID_0": "VEN", "COUNTRY": "Venezuela", "GID_1": "VEN.16_1", "NAME_1": "Miranda", "NL_NAME_1": "NA", "NAME_2": "Brión", "VARNAME_2": "NA", "NL_NAME_2": "NA", "TYPE_2": "Municipio", "ENGTYPE_2": "Municipality", "CC_2": "NA", "HASC_2": "NA", "impact_feature_count": 4, "impact_area_km2": 0.00038605454756124021, "pop_total": 7585.9074726104736, "pop_exposed": 57.226325988769531 }, "geometry": { "type": "MultiPolygon", "coordinates": [ [ [ [ -66.2305, 10.3916 ], [ -66.2287, 10.4069 ], [ -66.2257, 10.4137 ], [ -66.2221, 10.418 ], [ -66.2073, 10.4247 ], [ -66.2042, 10.4335 ], [ -66.2077, 10.4417 ], [ -66.2506, 10.4657 ], [ -66.2621, 10.4674 ], [ -66.2788, 10.4674 ], [ -66.2829, 10.4724 ], [ -66.2792, 10.4794 ], [ -66.2798, 10.4944 ], [ -66.2833, 10.5054 ], [ -66.2976, 10.518 ], [ -66.308, 10.5229 ], [ -66.3489, 10.5355 ], [ -66.3488, 10.563 ], [ -66.359, 10.5674 ], [ -66.356, 10.5757 ], [ -66.3381, 10.6038 ], [ -66.3418, 10.6096 ], [ -66.3365, 10.6099 ], [ -66.3293, 10.614 ], [ -66.3179, 10.6157 ], [ -66.3154, 10.6174 ], [ -66.3135, 10.6226 ], [ -66.3051, 10.6313 ], [ -66.3032, 10.6379 ], [ -66.2996, 10.6404 ], [ -66.2943, 10.6407 ], [ -66.2824, 10.6462 ], [ -66.2787, 10.6451 ], [ -66.2768, 10.6471 ], [ -66.274, 10.646 ], [ -66.2579, 10.6501 ], [ -66.2538, 10.6488 ], [ -66.2363, 10.6493 ], [ -66.2171, 10.6396 ], [ -66.1963, 10.6226 ], [ -66.174, 10.609 ], [ -66.1715, 10.6085 ], [ -66.1687, 10.6107 ], [ -66.1651, 10.6082 ], [ -66.1565, 10.6076 ], [ -66.1518, 10.6043 ], [ -66.1496, 10.6051 ], [ -66.1457, 10.6021 ], [ -66.1396, 10.6018 ], [ -66.1343, 10.599 ], [ -66.1285, 10.6015 ], [ -66.124, 10.6004 ], [ -66.1168, 10.594 ], [ -66.1082, 10.5918 ], [ -66.1015, 10.5924 ], [ -66.0985, 10.5882 ], [ -66.0768, 10.576 ], [ -66.0679, 10.5746 ], [ -66.061, 10.5793 ], [ -66.0646, 10.5885 ], [ -66.0582, 10.5863 ], [ -66.0568, 10.5837 ], [ -66.0543, 10.5837 ], [ -66.0518, 10.5788 ], [ -66.0488, 10.579 ], [ -66.0462, 10.5754 ], [ -66.0457, 10.5688 ], [ -66.0521, 10.5671 ], [ -66.0563, 10.5635 ], [ -66.0557, 10.5579 ], [ -66.0585, 10.5554 ], [ -66.0601, 10.5562 ], [ -66.0604, 10.5532 ], [ -66.0635, 10.551 ], [ -66.064, 10.5482 ], [ -66.0707, 10.5451 ], [ -66.0768, 10.5443 ], [ -66.0801, 10.5454 ], [ -66.0896, 10.5346 ], [ -66.0912, 10.5346 ], [ -66.094, 10.5426 ], [ -66.0954, 10.5401 ], [ -66.0974, 10.5404 ], [ -66.094, 10.5362 ], [ -66.0996, 10.5307 ], [ -66.1029, 10.5335 ], [ -66.1024, 10.5396 ], [ -66.1057, 10.5357 ], [ -66.1087, 10.5399 ], [ -66.1126, 10.5407 ], [ -66.111, 10.5437 ], [ -66.1143, 10.5443 ], [ -66.1137, 10.541 ], [ -66.1165, 10.539 ], [ -66.1221, 10.5413 ], [ -66.1251, 10.5379 ], [ -66.1204, 10.5363 ], [ -66.1193, 10.5343 ], [ -66.1143, 10.5382 ], [ -66.1099, 10.5354 ], [ -66.1082, 10.531 ], [ -66.1124, 10.531 ], [ -66.116, 10.5254 ], [ -66.1137, 10.5079 ], [ -66.1046, 10.491 ], [ -66.0976, 10.4874 ], [ -66.0965, 10.4801 ], [ -66.0851, 10.4649 ], [ -66.071, 10.4507 ], [ -66.0585, 10.441 ], [ -66.056, 10.4382 ], [ -66.0563, 10.4362 ], [ -66.0529, 10.4343 ], [ -66.0507, 10.4349 ], [ -66.0188, 10.4124 ], [ -65.9882, 10.3954 ], [ -65.9799, 10.3874 ], [ -65.991, 10.3801 ], [ -66.0074, 10.3804 ], [ -66.0194, 10.3825 ], [ -66.035, 10.3915 ], [ -66.0439, 10.3996 ], [ -66.0539, 10.4031 ], [ -66.0666, 10.4018 ], [ -66.0791, 10.396 ], [ -66.0881, 10.3945 ], [ -66.0968, 10.3956 ], [ -66.1086, 10.4017 ], [ -66.1121, 10.3982 ], [ -66.1184, 10.3955 ], [ -66.1372, 10.3923 ], [ -66.1796, 10.3904 ], [ -66.2305, 10.3916 ] ] ] ] } },
{ "type": "Feature", "properties": { "GID_2": "VEN.16.5_1", "GID_0": "VEN", "COUNTRY": "Venezuela", "GID_1": "VEN.16_1", "NAME_1": "Miranda", "NL_NAME_1": "NA", "NAME_2": "Buroz", "VARNAME_2": "NA", "NL_NAME_2": "NA", "TYPE_2": "Municipio", "ENGTYPE_2": "Municipality", "CC_2": "NA", "HASC_2": "NA", "impact_feature_count": 0, "impact_area_km2": 0.0, "pop_total": 1805.4419822692871, "pop_exposed": 0.0 }, "geometry": { "type": "MultiPolygon", "coordinates": [ [ [ [ -66.1015, 10.2468 ], [ -66.1242, 10.2646 ], [ -66.1709, 10.2968 ], [ -66.2275, 10.341 ], [ -66.2335, 10.349 ], [ -66.235, 10.3583 ], [ -66.232, 10.3668 ], [ -66.2305, 10.3916 ], [ -66.1796, 10.3904 ], [ -66.1372, 10.3923 ], [ -66.1184, 10.3955 ], [ -66.1121, 10.3982 ], [ -66.1086, 10.4017 ], [ -66.0968, 10.3956 ], [ -66.0881, 10.3945 ], [ -66.0791, 10.396 ], [ -66.0666, 10.4018 ], [ -66.0539, 10.4031 ], [ -66.0439, 10.3996 ], [ -66.0264, 10.3856 ], [ -66.0194, 10.3825 ], [ -66.0103, 10.3809 ], [ -66.0247, 10.3536 ], [ -66.0322, 10.3511 ], [ -66.0493, 10.3513 ], [ -66.0553, 10.3479 ], [ -66.0634, 10.3362 ], [ -66.0649, 10.3289 ], [ -66.0646, 10.3182 ], [ -66.0627, 10.3155 ], [ -66.045, 10.3059 ], [ -66.0386, 10.2966 ], [ -66.0362, 10.2877 ], [ -66.0368, 10.2798 ], [ -66.041, 10.2728 ], [ -66.0527, 10.2701 ], [ -66.0656, 10.2586 ], [ -66.0885, 10.253 ], [ -66.1015, 10.2468 ] ] ] ] } },
{ "type": "Feature", "properties": { "GID_2": "VEN.16.6_1", "GID_0": "VEN", "COUNTRY": "Venezuela", "GID_1": "VEN.16_1", "NAME_1": "Miranda", "NL_NAME_1": "NA", "NAME_2": "Carrizal", "VARNAME_2": "NA", "NL_NAME_2": "NA", "TYPE_2": "Municipio", "ENGTYPE_2": "Municipality", "CC_2": "NA", "HASC_2": "NA", "impact_feature_count": 352, "impact_area_km2": 0.071558143982172459, "pop_total": 54189.260604858398, "pop_exposed": 32893.912475585938 }, "geometry": { "type": "MultiPolygon", "coordinates": [ [ [ [ -66.9876, 10.404 ], [ -66.9671, 10.408 ], [ -66.9557, 10.3908 ], [ -66.9491, 10.3764 ], [ -66.9454, 10.3713 ], [ -66.9418, 10.3695 ], [ -66.9435, 10.3334 ], [ -66.9382, 10.3186 ], [ -66.9536, 10.315 ], [ -66.9631, 10.3152 ], [ -66.9807, 10.3188 ], [ -66.9792, 10.3309 ], [ -66.9805, 10.3389 ], [ -66.9871, 10.3544 ], [ -66.9855, 10.392 ], [ -66.9876, 10.404 ] ] ] ] } },
{ "type": "Feature", "properties": { "GID_2": "VEN.16.7_1", "GID_0": "VEN", "COUNTRY": "Venezuela", "GID_1": "VEN.16_1", "NAME_1": "Miranda", "NL_NAME_1": "NA", "NAME_2": "Chacao", "VARNAME_2": "NA", "NL_NAME_2": "NA", "TYPE_2": "Municipio", "ENGTYPE_2": "Municipality", "CC_2": "NA", "HASC_2": "NA", "impact_feature_count": 662, "impact_area_km2": 0.25297123667099802, "pop_total": 47357.644020080566, "pop_exposed": 37182.804931640625 }, "geometry": { "type": "MultiPolygon", "coordinates": [ [ [ [ -66.8522, 10.4867 ], [ -66.8517, 10.529 ], [ -66.8484, 10.5388 ], [ -66.8423, 10.5467 ], [ -66.826, 10.5549 ], [ -66.8229, 10.4875 ], [ -66.8522, 10.4867 ] ] ] ] } },
{ "type": "Feature", "properties": { "GID_2": "VEN.16.8_1", "GID_0": "VEN", "COUNTRY": "Venezuela", "GID_1": "VEN.16_1", "NAME_1": "Miranda", "NL_NAME_1": "NA", "NAME_2": "CristóbalRojas", "VARNAME_2": "NA", "NL_NAME_2": "NA", "TYPE_2": "Municipio", "ENGTYPE_2": "Municipality", "CC_2": "NA", "HASC_2": "NA", "impact_feature_count": 102, "impact_area_km2": 0.013325412965079202, "pop_total": 150336.84711456299, "pop_exposed": 39589.061889648438 }, "geometry": { "type": "MultiPolygon", "coordinates": [ [ [ [ -66.88, 10.2621 ], [ -66.8718, 10.2754 ], [ -66.8697, 10.2888 ], [ -66.8483, 10.337 ], [ -66.8186, 10.3486 ], [ -66.7965, 10.343 ], [ -66.7871, 10.3343 ], [ -66.7736, 10.3074 ], [ -66.7624, 10.2797 ], [ -66.7677, 10.2782 ], [ -66.7692, 10.2714 ], [ -66.773, 10.2682 ], [ -66.7774, 10.2675 ], [ -66.79, 10.2524 ], [ -66.8019, 10.2296 ], [ -66.8119, 10.2056 ], [ -66.8119, 10.1867 ], [ -66.8174, 10.1891 ], [ -66.8354, 10.21 ], [ -66.8409, 10.213 ], [ -66.8627, 10.2192 ], [ -66.8693, 10.224 ], [ -66.8727, 10.234 ], [ -66.8727, 10.2512 ], [ -66.8764, 10.2595 ], [ -66.88, 10.2621 ] ] ] ] } },
{ "type": "Feature", "properties": { "GID_2": "VEN.16.9_1", "GID_0": "VEN", "COUNTRY": "Venezuela", "GID_1": "VEN.16_1", "NAME_1": "Miranda", "NL_NAME_1": "NA", "NAME_2": "ElHatillo", "VARNAME_2": "NA", "NL_NAME_2": "NA", "TYPE_2": "Municipio", "ENGTYPE_2": "Municipality", "CC_2": "NA", "HASC_2": "NA", "impact_feature_count": 469, "impact_area_km2": 0.058902306306422569, "pop_total": 73146.971290588379, "pop_exposed": 36029.699096679688 }, "geometry": { "type": "MultiPolygon", "coordinates": [ [ [ [ -66.7256, 10.3817 ], [ -66.7682, 10.3821 ], [ -66.7877, 10.3857 ], [ -66.8156, 10.3883 ], [ -66.8179, 10.3907 ], [ -66.8215, 10.4033 ], [ -66.8275, 10.4112 ], [ -66.8305, 10.427 ], [ -66.8203, 10.441 ], [ -66.812, 10.4556 ], [ -66.8059, 10.4595 ], [ -66.8, 10.4614 ], [ -66.779, 10.463 ], [ -66.7674, 10.4619 ], [ -66.7534, 10.4429 ], [ -66.723, 10.4168 ], [ -66.6964, 10.4078 ], [ -66.6956, 10.404 ], [ -66.698, 10.3986 ], [ -66.7061, 10.3868 ], [ -66.7104, 10.3839 ], [ -66.7256, 10.3817 ] ] ] ] } },
{ "type": "Feature", "properties": { "GID_2": "VEN.16.10_1", "GID_0": "VEN", "COUNTRY": "Venezuela", "GID_1": "VEN.16_1", "NAME_1": "Miranda", "NL_NAME_1": "NA", "NAME_2": "Guaicaipuro", "VARNAME_2": "NA", "NL_NAME_2": "NA", "TYPE_2": "Municipio", "ENGTYPE_2": "Municipality", "CC_2": "NA", "HASC_2": "NA", "impact_feature_count": 786, "impact_area_km2": 0.11473573119465109, "pop_total": 258716.87184906006, "pop_exposed": 80220.161472320557 }, "geometry": { "type": "MultiPolygon", "coordinates": [ [ [ [ -67.1341, 10.3297 ], [ -67.1392, 10.3625 ], [ -67.1444, 10.3784 ], [ -67.157, 10.4006 ], [ -67.1717, 10.4187 ], [ -67.1388, 10.4457 ], [ -67.1263, 10.4475 ], [ -67.1166, 10.4429 ], [ -67.1076, 10.4363 ], [ -67.0597, 10.4175 ], [ -67.0228, 10.4074 ], [ -67.0034, 10.4043 ], [ -66.9876, 10.404 ], [ -66.9855, 10.392 ], [ -66.9871, 10.3544 ], [ -66.9805, 10.3389 ], [ -66.9792, 10.3309 ], [ -66.9807, 10.3188 ], [ -66.9631, 10.3152 ], [ -66.9536, 10.315 ], [ -66.9382, 10.3186 ], [ -66.9435, 10.3334 ], [ -66.9418, 10.3695 ], [ -66.933, 10.3661 ], [ -66.9287, 10.366 ], [ -66.926, 10.368 ], [ -66.9166, 10.3867 ], [ -66.9119, 10.3907 ], [ -66.9055, 10.3903 ], [ -66.8885, 10.3832 ], [ -66.8672, 10.3801 ], [ -66.8476, 10.3701 ], [ -66.8393, 10.3679 ], [ -66.8307, 10.3611 ], [ -66.8276, 10.3549 ], [ -66.8186, 10.3486 ], [ -66.8483, 10.337 ], [ -66.8697, 10.2888 ], [ -66.8718, 10.2754 ], [ -66.881, 10.2607 ], [ -66.8976, 10.2479 ], [ -66.938, 10.2373 ], [ -66.9384, 10.2279 ], [ -66.9336, 10.2159 ], [ -66.9335, 10.2036 ], [ -66.9372, 10.1852 ], [ -66.9416, 10.1762 ], [ -66.9495, 10.169 ], [ -66.9787, 10.1568 ], [ -66.9787, 10.1531 ], [ -66.9876, 10.1403 ], [ -66.9891, 10.1339 ], [ -66.9887, 10.1233 ], [ -66.985, 10.1162 ], [ -66.9713, 10.1024 ], [ -66.9628, 10.0914 ], [ -66.9714, 10.0948 ], [ -66.9885, 10.0968 ], [ -67.0508, 10.1019 ], [ -67.0626, 10.1074 ], [ -67.0675, 10.113 ], [ -67.0821, 10.1539 ], [ -67.0942, 10.1808 ], [ -67.0832, 10.2241 ], [ -67.073, 10.2509 ], [ -67.0732, 10.2635 ], [ -67.0797, 10.2765 ], [ -67.0901, 10.2858 ], [ -67.1269, 10.3125 ], [ -67.1341, 10.3297 ] ] ] ] } },
{ "type": "Feature", "properties": { "GID_2": "VEN.16.11_1", "GID_0": "VEN", "COUNTRY": "Venezuela", "GID_1": "VEN.16_1", "NAME_1": "Miranda", "NL_NAME_1": "NA", "NAME_2": "Independencia", "VARNAME_2": "NA", "NL_NAME_2": "NA", "TYPE_2": "Municipio", "ENGTYPE_2": "Municipality", "CC_2": "NA", "HASC_2": "NA", "impact_feature_count": 91, "impact_area_km2": 0.010173967167269265, "pop_total": 130079.71506404877, "pop_exposed": 33140.587677001953 }, "geometry": { "type": "MultiPolygon", "coordinates": [ [ [ [ -66.5167, 10.2558 ], [ -66.5122, 10.2557 ], [ -66.5071, 10.2531 ], [ -66.5045, 10.2434 ], [ -66.5046, 10.2317 ], [ -66.5089, 10.2113 ], [ -66.5077, 10.1984 ], [ -66.5045, 10.1904 ], [ -66.5046, 10.1818 ], [ -66.5088, 10.1706 ], [ -66.5135, 10.1388 ], [ -66.5333, 10.1132 ], [ -66.5364, 10.1026 ], [ -66.5386, 10.0847 ], [ -66.5463, 10.0857 ], [ -66.5731, 10.0947 ], [ -66.5903, 10.1117 ], [ -66.5968, 10.1142 ], [ -66.6049, 10.1146 ], [ -66.6175, 10.1116 ], [ -66.6337, 10.1046 ], [ -66.6376, 10.1066 ], [ -66.6352, 10.1441 ], [ -66.6367, 10.1526 ], [ -66.6464, 10.1703 ], [ -66.6482, 10.1767 ], [ -66.6469, 10.196 ], [ -66.6495, 10.2152 ], [ -66.6551, 10.2259 ], [ -66.6617, 10.2292 ], [ -66.6653, 10.2293 ], [ -66.6787, 10.2242 ], [ -66.6824, 10.2271 ], [ -66.6919, 10.2441 ], [ -66.7021, 10.2501 ], [ -66.7125, 10.2518 ], [ -66.7304, 10.2519 ], [ -66.7372, 10.2541 ], [ -66.7503, 10.2654 ], [ -66.7624, 10.2797 ], [ -66.7571, 10.2801 ], [ -66.7315, 10.2749 ], [ -66.7238, 10.2748 ], [ -66.7081, 10.2836 ], [ -66.6904, 10.2883 ], [ -66.677, 10.2888 ], [ -66.6551, 10.2854 ], [ -66.6353, 10.2888 ], [ -66.6263, 10.2884 ], [ -66.6212, 10.2852 ], [ -66.6114, 10.2666 ], [ -66.6025, 10.2602 ], [ -66.5783, 10.2597 ], [ -66.5631, 10.2565 ], [ -66.5616, 10.2541 ], [ -66.5608, 10.24 ], [ -66.5546, 10.2355 ], [ -66.5444, 10.2341 ], [ -66.5352, 10.2348 ], [ -66.5265, 10.2407 ], [ -66.5199, 10.2484 ], [ -66.5167, 10.2558 ] ] ] ] } },
{ "type": "Feature", "properties": { "GID_2": "VEN.16.12_1", "GID_0": "VEN", "COUNTRY": "Venezuela", "GID_1": "VEN.16_1", "NAME_1": "Miranda", "NL_NAME_1": "NA", "NAME_2": "Lander", "VARNAME_2": "NA", "NL_NAME_2": "NA", "TYPE_2": "Municipio", "ENGTYPE_2": "Municipality", "CC_2": "NA", "HASC_2": "NA", "impact_feature_count": 219, "impact_area_km2": 0.024614305906937715, "pop_total": 163889.24610614777, "pop_exposed": 33025.100372314453 }, "geometry": { "type": "MultiPolygon", "coordinates": [ [ [ [ -66.6914, 9.9991 ], [ -66.703, 10.0114 ], [ -66.7168, 10.0162 ], [ -66.7537, 10.0353 ], [ -66.7651, 10.0396 ], [ -66.7866, 10.0434 ], [ -66.8125, 10.0429 ], [ -66.8414, 10.0389 ], [ -66.8268, 10.0564 ], [ -66.8222, 10.0687 ], [ -66.8221, 10.0835 ], [ -66.8294, 10.1147 ], [ -66.8292, 10.1322 ], [ -66.8224, 10.1603 ], [ -66.8121, 10.1837 ], [ -66.8119, 10.2056 ], [ -66.8005, 10.2324 ], [ -66.7369, 10.1818 ], [ -66.7044, 10.1616 ], [ -66.6889, 10.1494 ], [ -66.6833, 10.1409 ], [ -66.6786, 10.1168 ], [ -66.6751, 10.1122 ], [ -66.6694, 10.1089 ], [ -66.652, 10.1087 ], [ -66.6378, 10.1126 ], [ -66.6376, 10.1066 ], [ -66.6337, 10.1046 ], [ -66.6175, 10.1116 ], [ -66.6049, 10.1146 ], [ -66.5968, 10.1142 ], [ -66.5903, 10.1117 ], [ -66.5731, 10.0947 ], [ -66.5463, 10.0857 ], [ -66.5386, 10.0847 ], [ -66.5343, 10.067 ], [ -66.5293, 10.0625 ], [ -66.4937, 10.0488 ], [ -66.4699, 10.0448 ], [ -66.4514, 10.0371 ], [ -66.4788, 10.0158 ], [ -66.5037, 10.0 ], [ -66.5485, 9.983 ], [ -66.5697, 9.9794 ], [ -66.5993, 9.9777 ], [ -66.6258, 9.9792 ], [ -66.6291, 9.9847 ], [ -66.6356, 9.9905 ], [ -66.6524, 9.9913 ], [ -66.6629, 9.9882 ], [ -66.6761, 9.9874 ], [ -66.6851, 9.9899 ], [ -66.6914, 9.9991 ] ] ] ] } },
{ "type": "Feature", "properties": { "GID_2": "VEN.16.13_1", "GID_0": "VEN", "COUNTRY": "Venezuela", "GID_1": "VEN.16_1", "NAME_1": "Miranda", "NL_NAME_1": "NA", "NAME_2": "LosSalias", "VARNAME_2": "NA", "NL_NAME_2": "NA", "TYPE_2": "Municipio", "ENGTYPE_2": "Municipality", "CC_2": "NA", "HASC_2": "NA", "impact_feature_count": 120, "impact_area_km2": 0.020416275032945748, "pop_total": 71874.691345214844, "pop_exposed": 24661.365295410156 }, "geometry": { "type": "MultiPolygon", "coordinates": [ [ [ [ -66.9671, 10.408 ], [ -66.9246, 10.4241 ], [ -66.8898, 10.4323 ], [ -66.8815, 10.4226 ], [ -66.8772, 10.3943 ], [ -66.874, 10.3905 ], [ -66.863, 10.3896 ], [ -66.8619, 10.3768 ], [ -66.8672, 10.3801 ], [ -66.8885, 10.3832 ], [ -66.9055, 10.3903 ], [ -66.9119, 10.3907 ], [ -66.9166, 10.3867 ], [ -66.926, 10.368 ], [ -66.9287, 10.366 ], [ -66.933, 10.3661 ], [ -66.9454, 10.3713 ], [ -66.9557, 10.3908 ], [ -66.9671, 10.408 ] ] ] ] } },
{ "type": "Feature", "properties": { "GID_2": "VEN.16.15_1", "GID_0": "VEN", "COUNTRY": "Venezuela", "GID_1": "VEN.16_1", "NAME_1": "Miranda", "NL_NAME_1": "NA", "NAME_2": "PazCastillo", "VARNAME_2": "NA", "NL_NAME_2": "NA", "TYPE_2": "Municipio", "ENGTYPE_2": "Municipality", "CC_2": "NA", "HASC_2": "NA", "impact_feature_count": 79, "impact_area_km2": 0.0074456767527107323, "pop_total": 127203.21228027344, "pop_exposed": 14067.572219848633 }, "geometry": { "type": "MultiPolygon", "coordinates": [ [ [ [ -66.5192, 10.3531 ], [ -66.5006, 10.3125 ], [ -66.5, 10.3032 ], [ -66.5199, 10.2484 ], [ -66.5265, 10.2407 ], [ -66.5352, 10.2348 ], [ -66.5444, 10.2341 ], [ -66.5546, 10.2355 ], [ -66.5608, 10.24 ], [ -66.5616, 10.2541 ], [ -66.5631, 10.2565 ], [ -66.5783, 10.2597 ], [ -66.6025, 10.2602 ], [ -66.6114, 10.2666 ], [ -66.6212, 10.2852 ], [ -66.6263, 10.2884 ], [ -66.6353, 10.2888 ], [ -66.6551, 10.2854 ], [ -66.677, 10.2888 ], [ -66.6904, 10.2883 ], [ -66.7081, 10.2836 ], [ -66.7238, 10.2748 ], [ -66.7315, 10.2749 ], [ -66.7571, 10.2801 ], [ -66.7624, 10.2797 ], [ -66.7736, 10.3074 ], [ -66.7871, 10.3343 ], [ -66.7965, 10.343 ], [ -66.8186, 10.3486 ], [ -66.7984, 10.356 ], [ -66.7646, 10.3607 ], [ -66.747, 10.3649 ], [ -66.7256, 10.3817 ], [ -66.7104, 10.3839 ], [ -66.7061, 10.3868 ], [ -66.698, 10.3986 ], [ -66.696, 10.406 ], [ -66.6701, 10.4179 ], [ -66.65, 10.4221 ], [ -66.6135, 10.4261 ], [ -66.5893, 10.4245 ], [ -66.5808, 10.4259 ], [ -66.5672, 10.4194 ], [ -66.56, 10.4114 ], [ -66.5422, 10.4031 ], [ -66.5342, 10.3965 ], [ -66.5288, 10.3882 ], [ -66.5192, 10.3531 ] ] ] ] } },
{ "type": "Feature", "properties": { "GID_2": "VEN.16.17_1", "GID_0": "VEN", "COUNTRY": "Venezuela", "GID_1": "VEN.16_1", "NAME_1": "Miranda", "NL_NAME_1": "NA", "NAME_2": "Plaza", "VARNAME_2": "NA", "NL_NAME_2": "NA", "TYPE_2": "Municipio", "ENGTYPE_2": "Municipality", "CC_2": "NA", "HASC_2": "NA", "impact_feature_count": 341, "impact_area_km2": 0.054444904354873584, "pop_total": 204380.23531723022, "pop_exposed": 67645.480102539062 }, "geometry": { "type": "MultiPolygon", "coordinates": [ [ [ [ -66.5808, 10.4259 ], [ -66.5893, 10.4245 ], [ -66.6257, 10.4256 ], [ -66.6606, 10.4203 ], [ -66.6701, 10.4179 ], [ -66.6816, 10.4125 ], [ -66.6878, 10.4375 ], [ -66.7025, 10.4572 ], [ -66.7024, 10.466 ], [ -66.6991, 10.4798 ], [ -66.6993, 10.4918 ], [ -66.7104, 10.5094 ], [ -66.7073, 10.5254 ], [ -66.6997, 10.5408 ], [ -66.6984, 10.5546 ], [ -66.6803, 10.5604 ], [ -66.6629, 10.5634 ], [ -66.5964, 10.5686 ], [ -66.5977, 10.5401 ], [ -66.5959, 10.5312 ], [ -66.59, 10.5195 ], [ -66.571, 10.501 ], [ -66.5663, 10.4943 ], [ -66.5631, 10.4808 ], [ -66.5653, 10.4592 ], [ -66.5761, 10.4418 ], [ -66.5808, 10.4259 ] ] ] ] } },
{ "type": "Feature", "properties": { "GID_2": "VEN.16.18_1", "GID_0": "VEN", "COUNTRY": "Venezuela", "GID_1": "VEN.16_1", "NAME_1": "Miranda", "NL_NAME_1": "NA", "NAME_2": "SimónBolívar", "VARNAME_2": "NA", "NL_NAME_2": "NA", "TYPE_2": "Municipio", "ENGTYPE_2": "Municipality", "CC_2": "NA", "HASC_2": "NA", "impact_feature_count": 107, "impact_area_km2": 0.010793292158797228, "pop_total": 51937.849328994751, "pop_exposed": 7852.3108367919922 }, "geometry": { "type": "MultiPolygon", "coordinates": [ [ [ [ -66.8005, 10.2324 ], [ -66.7861, 10.2583 ], [ -66.7828, 10.26 ], [ -66.7774, 10.2675 ], [ -66.773, 10.2682 ], [ -66.7692, 10.2714 ], [ -66.7677, 10.2782 ], [ -66.7624, 10.2797 ], [ -66.7503, 10.2654 ], [ -66.7372, 10.2541 ], [ -66.7304, 10.2519 ], [ -66.7125, 10.2518 ], [ -66.7021, 10.2501 ], [ -66.6919, 10.2441 ], [ -66.6824, 10.2271 ], [ -66.6787, 10.2242 ], [ -66.6653, 10.2293 ], [ -66.6617, 10.2292 ], [ -66.6551, 10.2259 ], [ -66.6495, 10.2152 ], [ -66.6469, 10.196 ], [ -66.6482, 10.1767 ], [ -66.6464, 10.1703 ], [ -66.6367, 10.1526 ], [ -66.6352, 10.1441 ], [ -66.6378, 10.1126 ], [ -66.6604, 10.1079 ], [ -66.6694, 10.1089 ], [ -66.6751, 10.1122 ], [ -66.6786, 10.1168 ], [ -66.6833, 10.1409 ], [ -66.6889, 10.1494 ], [ -66.7044, 10.1616 ], [ -66.7369, 10.1818 ], [ -66.8005, 10.2324 ] ] ] ] } },
{ "type": "Feature", "properties": { "GID_2": "VEN.16.19_1", "GID_0": "VEN", "COUNTRY": "Venezuela", "GID_1": "VEN.16_1", "NAME_1": "Miranda", "NL_NAME_1": "NA", "NAME_2": "Sucre", "VARNAME_2": "NA", "NL_NAME_2": "NA", "TYPE_2": "Municipio", "ENGTYPE_2": "Municipality", "CC_2": "NA", "HASC_2": "NA", "impact_feature_count": 2507, "impact_area_km2": 0.32231279834292381, "pop_total": 547511.75152587891, "pop_exposed": 301778.123046875 }, "geometry": { "type": "MultiPolygon", "coordinates": [ [ [ [ -66.8, 10.4614 ], [ -66.7919, 10.467 ], [ -66.7907, 10.4711 ], [ -66.7924, 10.4801 ], [ -66.7966, 10.4854 ], [ -66.8007, 10.4878 ], [ -66.8229, 10.4875 ], [ -66.826, 10.5549 ], [ -66.8144, 10.5579 ], [ -66.7761, 10.5605 ], [ -66.7163, 10.5547 ], [ -66.6984, 10.5546 ], [ -66.6997, 10.5408 ], [ -66.7073, 10.5254 ], [ -66.7104, 10.5094 ], [ -66.6993, 10.4918 ], [ -66.6991, 10.4798 ], [ -66.7024, 10.466 ], [ -66.7025, 10.4572 ], [ -66.6878, 10.4375 ], [ -66.6816, 10.4125 ], [ -66.696, 10.406 ], [ -66.6964, 10.4078 ], [ -66.7035, 10.4112 ], [ -66.723, 10.4168 ], [ -66.7534, 10.4429 ], [ -66.7674, 10.4619 ], [ -66.779, 10.463 ], [ -66.8, 10.4614 ] ] ] ] } },
{ "type": "Feature", "properties": { "GID_2": "VEN.16.20_1", "GID_0": "VEN", "COUNTRY": "Venezuela", "GID_1": "VEN.16_1", "NAME_1": "Miranda", "NL_NAME_1": "NA", "NAME_2": "Urdaneta", "VARNAME_2": "NA", "NL_NAME_2": "NA", "TYPE_2": "Municipio", "ENGTYPE_2": "Municipality", "CC_2": "NA", "HASC_2": "NA", "impact_feature_count": 240, "impact_area_km2": 0.022548374646490295, "pop_total": 150533.27575302124, "pop_exposed": 36472.350616455078 }, "geometry": { "type": "MultiPolygon", "coordinates": [ [ [ [ -66.8414, 10.0389 ], [ -66.877, 10.0321 ], [ -66.8963, 10.0336 ], [ -66.9118, 10.043 ], [ -66.9427, 10.079 ], [ -66.9573, 10.0893 ], [ -66.9628, 10.0914 ], [ -66.9713, 10.1024 ], [ -66.985, 10.1162 ], [ -66.9887, 10.1233 ], [ -66.9891, 10.1339 ], [ -66.9876, 10.1403 ], [ -66.9787, 10.1531 ], [ -66.9787, 10.1568 ], [ -66.9495, 10.169 ], [ -66.9416, 10.1762 ], [ -66.9372, 10.1852 ], [ -66.9335, 10.2036 ], [ -66.9336, 10.2159 ], [ -66.9384, 10.2279 ], [ -66.938, 10.2373 ], [ -66.8976, 10.2479 ], [ -66.88, 10.2621 ], [ -66.8764, 10.2595 ], [ -66.8727, 10.2512 ], [ -66.8727, 10.234 ], [ -66.8693, 10.224 ], [ -66.8627, 10.2192 ], [ -66.8409, 10.213 ], [ -66.8354, 10.21 ], [ -66.8174, 10.1891 ], [ -66.8119, 10.1867 ], [ -66.8149, 10.1751 ], [ -66.8224, 10.1603 ], [ -66.8292, 10.1322 ], [ -66.8294, 10.1147 ], [ -66.8221, 10.0835 ], [ -66.8222, 10.0687 ], [ -66.8268, 10.0564 ], [ -66.8414, 10.0389 ] ] ] ] } },
{ "type": "Feature", "properties": { "GID_2": "VEN.16.21_1", "GID_0": "VEN", "COUNTRY": "Venezuela", "GID_1": "VEN.16_1", "NAME_1": "Miranda", "NL_NAME_1": "NA", "NAME_2": "Zamora", "VARNAME_2": "NA", "NL_NAME_2": "NA", "TYPE_2": "Municipio", "ENGTYPE_2": "Municipality", "CC_2": "NA", "HASC_2": "NA", "impact_feature_count": 392, "impact_area_km2": 0.058279536916796389, "pop_total": 201905.34439468384, "pop_exposed": 72991.24634552002 }, "geometry": { "type": "MultiPolygon", "coordinates": [ [ [ [ -66.3505, 10.5348 ], [ -66.3511, 10.523 ], [ -66.3548, 10.5133 ], [ -66.3636, 10.5089 ], [ -66.3675, 10.4907 ], [ -66.3668, 10.473 ], [ -66.3687, 10.469 ], [ -66.398, 10.4604 ], [ -66.4036, 10.455 ], [ -66.4079, 10.4087 ], [ -66.4118, 10.3982 ], [ -66.4181, 10.3883 ], [ -66.4267, 10.3849 ], [ -66.4394, 10.385 ], [ -66.4465, 10.3872 ], [ -66.4617, 10.3986 ], [ -66.4871, 10.3416 ], [ -66.4963, 10.3421 ], [ -66.5192, 10.3531 ], [ -66.525, 10.3773 ], [ -66.5288, 10.3882 ], [ -66.5342, 10.3965 ], [ -66.5422, 10.4031 ], [ -66.56, 10.4114 ], [ -66.5672, 10.4194 ], [ -66.5808, 10.4259 ], [ -66.5761, 10.4418 ], [ -66.5653, 10.4592 ], [ -66.5631, 10.4808 ], [ -66.5663, 10.4943 ], [ -66.571, 10.501 ], [ -66.59, 10.5195 ], [ -66.5959, 10.5312 ], [ -66.5977, 10.5401 ], [ -66.5964, 10.5686 ], [ -66.5512, 10.5663 ], [ -66.5288, 10.5633 ], [ -66.4677, 10.5457 ], [ -66.4102, 10.5422 ], [ -66.3813, 10.5352 ], [ -66.3505, 10.5348 ] ] ] ] } },
{ "type": "Feature", "properties": { "GID_2": "VEN.19.1_1", "GID_0": "VEN", "COUNTRY": "Venezuela", "GID_1": "VEN.19_1", "NAME_1": "Portuguesa", "NL_NAME_1": "NA", "NAME_2": "AguaBlanca", "VARNAME_2": "NA", "NL_NAME_2": "NA", "TYPE_2": "Municipio", "ENGTYPE_2": "Municipality", "CC_2": "NA", "HASC_2": "NA", "impact_feature_count": 0, "impact_area_km2": 0.0, "pop_total": 0.0, "pop_exposed": 0.0 }, "geometry": { "type": "MultiPolygon", "coordinates": [ [ [ [ -69.1705, 9.7664 ], [ -69.1613, 9.7632 ], [ -69.1061, 9.7582 ], [ -69.093, 9.754 ], [ -69.0655, 9.7613 ], [ -69.0476, 9.7615 ], [ -69.0241, 9.7167 ], [ -69.0164, 9.705 ], [ -69.0089, 9.6969 ], [ -68.9856, 9.6797 ], [ -68.9643, 9.6709 ], [ -68.9598, 9.6674 ], [ -68.956, 9.6577 ], [ -68.9539, 9.6307 ], [ -68.9445, 9.6108 ], [ -68.9451, 9.6094 ], [ -68.9624, 9.6054 ], [ -69.0239, 9.5962 ], [ -69.0252, 9.5999 ], [ -69.0351, 9.6088 ], [ -69.0438, 9.6211 ], [ -69.0597, 9.6368 ], [ -69.0666, 9.6563 ], [ -69.0735, 9.6658 ], [ -69.1161, 9.6953 ], [ -69.1442, 9.7077 ], [ -69.156, 9.7142 ], [ -69.1645, 9.7211 ], [ -69.1701, 9.7286 ], [ -69.1744, 9.7448 ], [ -69.1705, 9.7664 ] ] ] ] } },
{ "type": "Feature", "properties": { "GID_2": "VEN.19.2_1", "GID_0": "VEN", "COUNTRY": "Venezuela", "GID_1": "VEN.19_1", "NAME_1": "Portuguesa", "NL_NAME_1": "NA", "NAME_2": "Araure", "VARNAME_2": "NA", "NL_NAME_2": "NA", "TYPE_2": "Municipio", "ENGTYPE_2": "Municipality", "CC_2": "NA", "HASC_2": "NA", "impact_feature_count": 0, "impact_area_km2": 0.0, "pop_total": 0.0, "pop_exposed": 0.0 }, "geometry": { "type": "MultiPolygon", "coordinates": [ [ [ [ -69.4045, 9.6321 ], [ -69.3934, 9.6391 ], [ -69.3834, 9.6491 ], [ -69.3718, 9.655 ], [ -69.3597, 9.6589 ], [ -69.3463, 9.6666 ], [ -69.3346, 9.6916 ], [ -69.3306, 9.7056 ], [ -69.329, 9.7432 ], [ -69.3193, 9.7658 ], [ -69.3199, 9.7789 ], [ -69.3251, 9.8045 ], [ -69.3266, 9.82 ], [ -69.3261, 9.8318 ], [ -69.3204, 9.8413 ], [ -69.3135, 9.847 ], [ -69.2728, 9.8693 ], [ -69.2546, 9.8895 ], [ -69.2485, 9.901 ], [ -69.2418, 9.9234 ], [ -69.2364, 9.9332 ], [ -69.2314, 9.9363 ], [ -69.2185, 9.9369 ], [ -69.211, 9.9304 ], [ -69.2128, 9.9166 ], [ -69.2175, 9.9029 ], [ -69.2181, 9.8875 ], [ -69.2165, 9.8789 ], [ -69.204, 9.86 ], [ -69.2027, 9.8475 ], [ -69.2107, 9.8331 ], [ -69.2193, 9.8216 ], [ -69.2232, 9.8111 ], [ -69.2216, 9.8007 ], [ -69.2112, 9.7857 ], [ -69.1973, 9.7764 ], [ -69.1705, 9.7664 ], [ -69.1744, 9.7448 ], [ -69.1701, 9.7286 ], [ -69.1645, 9.7211 ], [ -69.156, 9.7142 ], [ -69.1442, 9.7077 ], [ -69.1161, 9.6953 ], [ -69.0735, 9.6658 ], [ -69.0666, 9.6563 ], [ -69.0597, 9.6368 ], [ -69.0438, 9.6211 ], [ -69.0351, 9.6088 ], [ -69.0252, 9.5999 ], [ -69.0217, 9.5899 ], [ -69.0256, 9.5832 ], [ -69.0321, 9.5806 ], [ -69.0407, 9.5804 ], [ -69.0523, 9.5837 ], [ -69.0897, 9.6005 ], [ -69.1206, 9.6214 ], [ -69.1429, 9.6312 ], [ -69.1747, 9.6533 ], [ -69.1842, 9.6537 ], [ -69.1894, 9.6522 ], [ -69.1952, 9.6421 ], [ -69.2175, 9.573 ], [ -69.224, 9.5596 ], [ -69.2323, 9.5502 ], [ -69.2445, 9.5421 ], [ -69.28, 9.5126 ], [ -69.2889, 9.5 ], [ -69.2939, 9.4865 ], [ -69.3126, 9.5006 ], [ -69.3275, 9.5219 ], [ -69.3431, 9.5372 ], [ -69.3622, 9.5509 ], [ -69.3676, 9.5566 ], [ -69.371, 9.5677 ], [ -69.3735, 9.5901 ], [ -69.3768, 9.6036 ], [ -69.3842, 9.6173 ], [ -69.3953, 9.6268 ], [ -69.4045, 9.6321 ] ] ] ] } },
{ "type": "Feature", "properties": { "GID_2": "VEN.19.11_1", "GID_0": "VEN", "COUNTRY": "Venezuela", "GID_1": "VEN.19_1", "NAME_1": "Portuguesa", "NL_NAME_1": "NA", "NAME_2": "SanRafaeldeOnoto", "VARNAME_2": "NA", "NL_NAME_2": "NA", "TYPE_2": "Municipio", "ENGTYPE_2": "Municipality", "CC_2": "NA", "HASC_2": "NA", "impact_feature_count": 0, "impact_area_km2": 0.0, "pop_total": 0.0, "pop_exposed": 0.0 }, "geometry": { "type": "MultiPolygon", "coordinates": [ [ [ [ -68.9749, 9.7913 ], [ -68.9522, 9.7666 ], [ -68.9448, 9.7553 ], [ -68.9412, 9.7345 ], [ -68.9145, 9.6915 ], [ -68.9072, 9.675 ], [ -68.8983, 9.6429 ], [ -68.9541, 9.6338 ], [ -68.956, 9.6577 ], [ -68.9598, 9.6674 ], [ -68.9643, 9.6709 ], [ -68.9856, 9.6797 ], [ -69.0089, 9.6969 ], [ -69.0164, 9.705 ], [ -69.0241, 9.7167 ], [ -69.0465, 9.7589 ], [ -69.0476, 9.7615 ], [ -69.032, 9.7632 ], [ -69.0083, 9.7978 ], [ -69.0021, 9.8017 ], [ -68.9871, 9.8007 ], [ -68.9749, 9.7913 ] ] ] ] } },
{ "type": "Feature", "properties": { "GID_2": "VEN.23.1_1", "GID_0": "VEN", "COUNTRY": "Venezuela", "GID_1": "VEN.23_1", "NAME_1": "Vargas", "NL_NAME_1": "NA", "NAME_2": "Vargas", "VARNAME_2": "NA", "NL_NAME_2": "NA", "TYPE_2": "Municipio", "ENGTYPE_2": "Municipality", "CC_2": "NA", "HASC_2": "NA", "impact_feature_count": 28205, "impact_area_km2": 3.4640758239072875, "pop_total": 347043.92401885986, "pop_exposed": 198008.76780700684 }, "geometry": { "type": "MultiPolygon", "coordinates": [ [ [ [ -67.1756, 10.4225 ], [ -67.204, 10.4388 ], [ -67.2181, 10.4425 ], [ -67.2407, 10.443 ], [ -67.2637, 10.4358 ], [ -67.2767, 10.4258 ], [ -67.2862, 10.4146 ], [ -67.2933, 10.4022 ], [ -67.3022, 10.4015 ], [ -67.314, 10.4063 ], [ -67.3186, 10.4149 ], [ -67.3222, 10.4582 ], [ -67.3272, 10.4709 ], [ -67.3357, 10.4815 ], [ -67.3457, 10.4905 ], [ -67.3539, 10.5023 ], [ -67.3646, 10.5382 ], [ -67.3526, 10.5404 ], [ -67.3518, 10.5429 ], [ -67.3482, 10.544 ], [ -67.3457, 10.5438 ], [ -67.3429, 10.5393 ], [ -67.3407, 10.5415 ], [ -67.3421, 10.5443 ], [ -67.3399, 10.5449 ], [ -67.3288, 10.544 ], [ -67.3262, 10.5421 ], [ -67.3229, 10.5429 ], [ -67.3193, 10.5407 ], [ -67.3135, 10.5424 ], [ -67.3099, 10.5404 ], [ -67.3046, 10.5429 ], [ -67.296, 10.5432 ], [ -67.2882, 10.5468 ], [ -67.2821, 10.5463 ], [ -67.2771, 10.5482 ], [ -67.2726, 10.5463 ], [ -67.2671, 10.5476 ], [ -67.2637, 10.5463 ], [ -67.2557, 10.5471 ], [ -67.2513, 10.551 ], [ -67.2479, 10.5496 ], [ -67.2435, 10.5501 ], [ -67.2432, 10.5515 ], [ -67.2393, 10.5507 ], [ -67.2382, 10.5524 ], [ -67.2393, 10.5543 ], [ -67.2374, 10.556 ], [ -67.2343, 10.5529 ], [ -67.2285, 10.5532 ], [ -67.221, 10.551 ], [ -67.2115, 10.5521 ], [ -67.2096, 10.5565 ], [ -67.2071, 10.5574 ], [ -67.1854, 10.5554 ], [ -67.171, 10.561 ], [ -67.1593, 10.5599 ], [ -67.1543, 10.5649 ], [ -67.1507, 10.5643 ], [ -67.1476, 10.5674 ], [ -67.1413, 10.5665 ], [ -67.1407, 10.5701 ], [ -67.1229, 10.5721 ], [ -67.1007, 10.581 ], [ -67.0938, 10.5796 ], [ -67.0835, 10.5851 ], [ -67.0832, 10.5888 ], [ -67.0815, 10.5893 ], [ -67.0774, 10.5899 ], [ -67.076, 10.5871 ], [ -67.0729, 10.5901 ], [ -67.0696, 10.5885 ], [ -67.0582, 10.5932 ], [ -67.0529, 10.5935 ], [ -67.0454, 10.5974 ], [ -67.044, 10.6007 ], [ -67.0401, 10.6015 ], [ -67.0374, 10.6074 ], [ -67.0315, 10.6101 ], [ -67.0301, 10.6126 ], [ -67.0285, 10.6129 ], [ -67.0287, 10.611 ], [ -67.0271, 10.6107 ], [ -67.0235, 10.6143 ], [ -67.0182, 10.614 ], [ -67.0163, 10.6154 ], [ -67.0049, 10.611 ], [ -67.0024, 10.6126 ], [ -66.9971, 10.6124 ], [ -66.9968, 10.6104 ], [ -66.9879, 10.6124 ], [ -66.9788, 10.6068 ], [ -66.9743, 10.6082 ], [ -66.9701, 10.6074 ], [ -66.9599, 10.6004 ], [ -66.9474, 10.6032 ], [ -66.9474, 10.6015 ], [ -66.9418, 10.6015 ], [ -66.9429, 10.5999 ], [ -66.9421, 10.599 ], [ -66.9379, 10.6004 ], [ -66.9449, 10.6032 ], [ -66.9465, 10.6071 ], [ -66.939, 10.6032 ], [ -66.9329, 10.6046 ], [ -66.9296, 10.6024 ], [ -66.9201, 10.6046 ], [ -66.9168, 10.6071 ], [ -66.9126, 10.6046 ], [ -66.9112, 10.6018 ], [ -66.9099, 10.6032 ], [ -66.9076, 10.6021 ], [ -66.9062, 10.6043 ], [ -66.9026, 10.6046 ], [ -66.8999, 10.6071 ], [ -66.8932, 10.6071 ], [ -66.8887, 10.6121 ], [ -66.8851, 10.6126 ], [ -66.8751, 10.6082 ], [ -66.8715, 10.6124 ], [ -66.864, 10.6124 ], [ -66.8587, 10.6179 ], [ -66.8457, 10.6204 ], [ -66.846, 10.6226 ], [ -66.8412, 10.6215 ], [ -66.8365, 10.616 ], [ -66.8318, 10.6135 ], [ -66.8274, 10.6132 ], [ -66.8254, 10.6149 ], [ -66.8199, 10.6115 ], [ -66.8018, 10.611 ], [ -66.7874, 10.6121 ], [ -66.7826, 10.6146 ], [ -66.7699, 10.614 ], [ -66.7657, 10.6176 ], [ -66.7601, 10.6149 ], [ -66.7496, 10.6162 ], [ -66.7465, 10.6182 ], [ -66.7485, 10.6204 ], [ -66.7468, 10.6235 ], [ -66.744, 10.6226 ], [ -66.7435, 10.6243 ], [ -66.7387, 10.6254 ], [ -66.734, 10.624 ], [ -66.7318, 10.6215 ], [ -66.7215, 10.6199 ], [ -66.7193, 10.6215 ], [ -66.7207, 10.6246 ], [ -66.7179, 10.6257 ], [ -66.7126, 10.6249 ], [ -66.7085, 10.6218 ], [ -66.6985, 10.6229 ], [ -66.6965, 10.6215 ], [ -66.691, 10.6235 ], [ -66.6654, 10.6218 ], [ -66.6562, 10.6224 ], [ -66.6515, 10.6251 ], [ -66.6487, 10.6235 ], [ -66.6268, 10.6262 ], [ -66.6062, 10.6251 ], [ -66.5993, 10.6276 ], [ -66.5929, 10.6262 ], [ -66.5896, 10.6285 ], [ -66.5813, 10.6271 ], [ -66.571, 10.6299 ], [ -66.5604, 10.6262 ], [ -66.5585, 10.6276 ], [ -66.5415, 10.6296 ], [ -66.5285, 10.6301 ], [ -66.5263, 10.629 ], [ -66.5149, 10.6318 ], [ -66.5088, 10.6299 ], [ -66.5051, 10.6318 ], [ -66.496, 10.631 ], [ -66.4949, 10.6321 ], [ -66.4807, 10.6296 ], [ -66.4687, 10.6315 ], [ -66.459, 10.6287 ], [ -66.4488, 10.6304 ], [ -66.4449, 10.6276 ], [ -66.4354, 10.6257 ], [ -66.4351, 10.6282 ], [ -66.4332, 10.629 ], [ -66.4187, 10.6276 ], [ -66.416, 10.631 ], [ -66.411, 10.6313 ], [ -66.3915, 10.6215 ], [ -66.3812, 10.6204 ], [ -66.3768, 10.6162 ], [ -66.3646, 10.6099 ], [ -66.3496, 10.6068 ], [ -66.3418, 10.6096 ], [ -66.3381, 10.6038 ], [ -66.356, 10.5757 ], [ -66.359, 10.5674 ], [ -66.3488, 10.563 ], [ -66.3489, 10.5346 ], [ -66.3813, 10.5352 ], [ -66.4102, 10.5422 ], [ -66.4677, 10.5457 ], [ -66.5288, 10.5633 ], [ -66.5512, 10.5663 ], [ -66.5964, 10.5686 ], [ -66.6629, 10.5634 ], [ -66.6803, 10.5604 ], [ -66.6987, 10.5545 ], [ -66.7163, 10.5547 ], [ -66.7761, 10.5605 ], [ -66.8144, 10.5579 ], [ -66.8298, 10.554 ], [ -66.8423, 10.5467 ], [ -66.8443, 10.5442 ], [ -66.8547, 10.5502 ], [ -66.868, 10.554 ], [ -66.9013, 10.5542 ], [ -66.9298, 10.5512 ], [ -66.9463, 10.5539 ], [ -66.9677, 10.5599 ], [ -66.9893, 10.5606 ], [ -67.0019, 10.5505 ], [ -67.0268, 10.5218 ], [ -67.0283, 10.5114 ], [ -67.027, 10.4948 ], [ -67.0368, 10.477 ], [ -67.0455, 10.4737 ], [ -67.0761, 10.4697 ], [ -67.1001, 10.4635 ], [ -67.1133, 10.458 ], [ -67.1276, 10.4473 ], [ -67.1388, 10.4457 ], [ -67.1717, 10.4187 ], [ -67.1674, 10.4137 ], [ -67.1756, 10.4225 ] ] ], [ [ [ -67.0001, 10.9999 ], [ -67.0001, 11.0001 ], [ -66.9999, 11.0001 ], [ -66.9999, 10.9999 ], [ -67.0001, 10.9999 ] ] ] ] } },
{ "type": "Feature", "properties": { "GID_2": "VEN.24.1_1", "GID_0": "VEN", "COUNTRY": "Venezuela", "GID_1": "VEN.24_1", "NAME_1": "Yaracuy", "NL_NAME_1": "NA", "NAME_2": "ArístidesBastidas", "VARNAME_2": "NA", "NL_NAME_2": "NA", "TYPE_2": "Municipio", "ENGTYPE_2": "Municipality", "CC_2": "NA", "HASC_2": "NA", "impact_feature_count": 4, "impact_area_km2": 0.00028935654404814112, "pop_total": 20039.429462432861, "pop_exposed": 742.379638671875 }, "geometry": { "type": "MultiPolygon", "coordinates": [ [ [ [ -68.8825, 10.3582 ], [ -68.8579, 10.3614 ], [ -68.8469, 10.366 ], [ -68.8268, 10.3837 ], [ -68.8184, 10.3635 ], [ -68.8134, 10.3578 ], [ -68.8084, 10.3578 ], [ -68.8027, 10.3492 ], [ -68.7935, 10.3179 ], [ -68.7849, 10.3015 ], [ -68.7799, 10.2794 ], [ -68.7799, 10.2623 ], [ -68.777, 10.2542 ], [ -68.7888, 10.2563 ], [ -68.7942, 10.26 ], [ -68.8111, 10.2922 ], [ -68.8327, 10.3136 ], [ -68.8533, 10.34 ], [ -68.862, 10.3474 ], [ -68.8825, 10.3582 ] ] ] ] } },
{ "type": "Feature", "properties": { "GID_2": "VEN.24.2_1", "GID_0": "VEN", "COUNTRY": "Venezuela", "GID_1": "VEN.24_1", "NAME_1": "Yaracuy", "NL_NAME_1": "NA", "NAME_2": "Bolívar", "VARNAME_2": "NA", "NL_NAME_2": "NA", "TYPE_2": "Municipio", "ENGTYPE_2": "Municipality", "CC_2": "NA", "HASC_2": "NA", "impact_feature_count": 34, "impact_area_km2": 0.0023629753385820576, "pop_total": 32781.666594028473, "pop_exposed": 1085.8138160705566 }, "geometry": { "type": "MultiPolygon", "coordinates": [ [ [ [ -68.9904, 10.3209 ], [ -68.9784, 10.3332 ], [ -68.9737, 10.3475 ], [ -68.9757, 10.3573 ], [ -68.984, 10.3716 ], [ -68.9886, 10.3842 ], [ -68.991, 10.4089 ], [ -68.9897, 10.4206 ], [ -68.983, 10.443 ], [ -68.981, 10.4564 ], [ -68.9832, 10.47 ], [ -68.9972, 10.471 ], [ -69.0231, 10.4622 ], [ -69.0299, 10.4686 ], [ -69.0326, 10.4772 ], [ -69.0327, 10.4906 ], [ -69.0287, 10.513 ], [ -69.0262, 10.5235 ], [ -69.016, 10.5361 ], [ -69.0078, 10.5408 ], [ -68.9982, 10.5534 ], [ -68.9846, 10.5784 ], [ -68.9721, 10.5874 ], [ -68.9569, 10.594 ], [ -68.9429, 10.6059 ], [ -68.9352, 10.62 ], [ -68.9271, 10.6405 ], [ -68.9179, 10.6564 ], [ -68.9009, 10.6694 ], [ -68.8831, 10.6794 ], [ -68.8703, 10.6902 ], [ -68.8672, 10.6998 ], [ -68.8674, 10.7058 ], [ -68.839, 10.6597 ], [ -68.8176, 10.632 ], [ -68.772, 10.6419 ], [ -68.7436, 10.6455 ], [ -68.7136, 10.6547 ], [ -68.6987, 10.6533 ], [ -68.7015, 10.6198 ], [ -68.7015, 10.5942 ], [ -68.698, 10.5849 ], [ -68.673, 10.5507 ], [ -68.6616, 10.5379 ], [ -68.6652, 10.5237 ], [ -68.6646, 10.4879 ], [ -68.6813, 10.4817 ], [ -68.7392, 10.4418 ], [ -68.7498, 10.4336 ], [ -68.7742, 10.4052 ], [ -68.7873, 10.3997 ], [ -68.8085, 10.3954 ], [ -68.8194, 10.3899 ], [ -68.8469, 10.366 ], [ -68.8579, 10.3614 ], [ -68.8685, 10.3597 ], [ -68.891, 10.3572 ], [ -68.9101, 10.3573 ], [ -68.9178, 10.3508 ], [ -68.923, 10.3436 ], [ -68.9309, 10.3407 ], [ -68.9555, 10.3227 ], [ -68.9674, 10.3196 ], [ -68.9832, 10.3193 ], [ -68.9904, 10.3209 ] ] ] ] } },
{ "type": "Feature", "properties": { "GID_2": "VEN.24.3_1", "GID_0": "VEN", "COUNTRY": "Venezuela", "GID_1": "VEN.24_1", "NAME_1": "Yaracuy", "NL_NAME_1": "NA", "NAME_2": "Bruzual", "VARNAME_2": "NA", "NL_NAME_2": "NA", "TYPE_2": "Municipio", "ENGTYPE_2": "Municipality", "CC_2": "NA", "HASC_2": "NA", "impact_feature_count": 64, "impact_area_km2": 0.0073830361119229873, "pop_total": 72524.224978148937, "pop_exposed": 4077.812629699707 }, "geometry": { "type": "MultiPolygon", "coordinates": [ [ [ [ -68.8825, 10.3582 ], [ -68.862, 10.3474 ], [ -68.8533, 10.34 ], [ -68.8327, 10.3136 ], [ -68.8111, 10.2922 ], [ -68.7942, 10.26 ], [ -68.7888, 10.2563 ], [ -68.7797, 10.2542 ], [ -68.7582, 10.2549 ], [ -68.746, 10.258 ], [ -68.7443, 10.2533 ], [ -68.7362, 10.2444 ], [ -68.6887, 10.2063 ], [ -68.7147, 10.1969 ], [ -68.7247, 10.1907 ], [ -68.7354, 10.1825 ], [ -68.7514, 10.1623 ], [ -68.7606, 10.1558 ], [ -68.7722, 10.153 ], [ -68.7867, 10.1524 ], [ -68.807, 10.1555 ], [ -68.84, 10.1638 ], [ -68.8438, 10.1767 ], [ -68.8524, 10.1921 ], [ -68.8726, 10.2079 ], [ -68.893, 10.2288 ], [ -68.8968, 10.2345 ], [ -68.9089, 10.263 ], [ -68.9146, 10.2714 ], [ -68.9287, 10.2843 ], [ -68.9292, 10.2929 ], [ -68.9269, 10.3014 ], [ -68.9152, 10.316 ], [ -68.9096, 10.3264 ], [ -68.9076, 10.3357 ], [ -68.9103, 10.3439 ], [ -68.913, 10.3456 ], [ -68.9213, 10.3459 ], [ -68.9101, 10.3573 ], [ -68.8825, 10.3582 ] ] ] ] } },
{ "type": "Feature", "properties": { "GID_2": "VEN.24.4_1", "GID_0": "VEN", "COUNTRY": "Venezuela", "GID_1": "VEN.24_1", "NAME_1": "Yaracuy", "NL_NAME_1": "NA", "NAME_2": "Cocorote", "VARNAME_2": "NA", "NL_NAME_2": "NA", "TYPE_2": "Municipio", "ENGTYPE_2": "Municipality", "CC_2": "NA", "HASC_2": "NA", "impact_feature_count": 48, "impact_area_km2": 0.0054082838998852625, "pop_total": 43520.581182479858, "pop_exposed": 4448.6022033691406 }, "geometry": { "type": "MultiPolygon", "coordinates": [ [ [ [ -68.7753, 10.4047 ], [ -68.7498, 10.4336 ], [ -68.7186, 10.4559 ], [ -68.7186, 10.4507 ], [ -68.7129, 10.4298 ], [ -68.711, 10.4099 ], [ -68.7043, 10.3909 ], [ -68.6986, 10.3805 ], [ -68.6948, 10.3662 ], [ -68.6768, 10.3368 ], [ -68.6569, 10.3159 ], [ -68.6195, 10.2623 ], [ -68.6289, 10.2565 ], [ -68.6291, 10.2685 ], [ -68.6338, 10.2796 ], [ -68.6557, 10.2921 ], [ -68.6981, 10.3088 ], [ -68.7194, 10.3208 ], [ -68.726, 10.3263 ], [ -68.7448, 10.3523 ], [ -68.7504, 10.3543 ], [ -68.761, 10.3688 ], [ -68.7663, 10.3804 ], [ -68.7706, 10.4012 ], [ -68.7753, 10.4047 ] ] ] ] } },
{ "type": "Feature", "properties": { "GID_2": "VEN.24.5_1", "GID_0": "VEN", "COUNTRY": "Venezuela", "GID_1": "VEN.24_1", "NAME_1": "Yaracuy", "NL_NAME_1": "NA", "NAME_2": "Independencia", "VARNAME_2": "NA", "NL_NAME_2": "NA", "TYPE_2": "Municipio", "ENGTYPE_2": "Municipality", "CC_2": "NA", "HASC_2": "NA", "impact_feature_count": 37, "impact_area_km2": 0.0063146512238798618, "pop_total": 61410.840774536133, "pop_exposed": 8305.6580200195312 }, "geometry": { "type": "MultiPolygon", "coordinates": [ [ [ [ -68.7186, 10.4559 ], [ -68.7119, 10.4602 ], [ -68.6673, 10.4146 ], [ -68.6398, 10.3814 ], [ -68.618, 10.3615 ], [ -68.6132, 10.314 ], [ -68.6151, 10.2931 ], [ -68.614, 10.2664 ], [ -68.6195, 10.2623 ], [ -68.6569, 10.3159 ], [ -68.6768, 10.3368 ], [ -68.6948, 10.3662 ], [ -68.6986, 10.3805 ], [ -68.7043, 10.3909 ], [ -68.711, 10.4099 ], [ -68.7129, 10.4298 ], [ -68.7186, 10.4507 ], [ -68.7186, 10.4559 ] ] ] ] } },
{ "type": "Feature", "properties": { "GID_2": "VEN.24.6_1", "GID_0": "VEN", "COUNTRY": "Venezuela", "GID_1": "VEN.24_1", "NAME_1": "Yaracuy", "NL_NAME_1": "NA", "NAME_2": "JoséAntonioPáez", "VARNAME_2": "NA", "NL_NAME_2": "NA", "TYPE_2": "Municipio", "ENGTYPE_2": "Municipality", "CC_2": "NA", "HASC_2": "NA", "impact_feature_count": 17, "impact_area_km2": 0.0030888416050927482, "pop_total": 21628.444546699524, "pop_exposed": 2097.2327728271484 }, "geometry": { "type": "MultiPolygon", "coordinates": [ [ [ [ -68.9064, 10.0485 ], [ -68.9173, 10.0662 ], [ -68.931, 10.0706 ], [ -68.9414, 10.0684 ], [ -68.9589, 10.0582 ], [ -68.9582, 10.1211 ], [ -68.9609, 10.1443 ], [ -68.9646, 10.1598 ], [ -68.9895, 10.2005 ], [ -68.9717, 10.2137 ], [ -68.9597, 10.2198 ], [ -68.9356, 10.2236 ], [ -68.925, 10.2223 ], [ -68.9226, 10.2178 ], [ -68.928, 10.2044 ], [ -68.9275, 10.197 ], [ -68.9216, 10.1853 ], [ -68.9132, 10.1767 ], [ -68.9026, 10.1712 ], [ -68.8829, 10.1681 ], [ -68.8778, 10.1641 ], [ -68.871, 10.1522 ], [ -68.8795, 10.1263 ], [ -68.8825, 10.1125 ], [ -68.8854, 10.0794 ], [ -68.8903, 10.0625 ], [ -68.9008, 10.0513 ], [ -68.9064, 10.0485 ] ] ] ] } },
{ "type": "Feature", "properties": { "GID_2": "VEN.24.7_1", "GID_0": "VEN", "COUNTRY": "Venezuela", "GID_1": "VEN.24_1", "NAME_1": "Yaracuy", "NL_NAME_1": "NA", "NAME_2": "LaTrinidad", "VARNAME_2": "NA", "NL_NAME_2": "NA", "TYPE_2": "Municipio", "ENGTYPE_2": "Municipality", "CC_2": "NA", "HASC_2": "NA", "impact_feature_count": 0, "impact_area_km2": 0.0, "pop_total": 18305.872573852539, "pop_exposed": 0.0 }, "geometry": { "type": "MultiPolygon", "coordinates": [ [ [ [ -68.715, 10.3181 ], [ -68.6981, 10.3088 ], [ -68.6557, 10.2921 ], [ -68.6338, 10.2796 ], [ -68.6291, 10.2685 ], [ -68.6289, 10.2565 ], [ -68.6431, 10.248 ], [ -68.6737, 10.2701 ], [ -68.72, 10.2936 ], [ -68.715, 10.3181 ] ] ] ] } },
{ "type": "Feature", "properties": { "GID_2": "VEN.24.8_1", "GID_0": "VEN", "COUNTRY": "Venezuela", "GID_1": "VEN.24_1", "NAME_1": "Yaracuy", "NL_NAME_1": "NA", "NAME_2": "ManuelMonge", "VARNAME_2": "NA", "NL_NAME_2": "NA", "TYPE_2": "Municipio", "ENGTYPE_2": "Municipality", "CC_2": "NA", "HASC_2": "NA", "impact_feature_count": 1, "impact_area_km2": 7.0776208219112391e-05, "pop_total": 14540.084333896637, "pop_exposed": 12.726071357727051 }, "geometry": { "type": "MultiPolygon", "coordinates": [ [ [ [ -68.8674, 10.7078 ], [ -68.8407, 10.7111 ], [ -68.8247, 10.7159 ], [ -68.8051, 10.725 ], [ -68.7864, 10.7392 ], [ -68.7641, 10.7601 ], [ -68.7502, 10.7638 ], [ -68.7098, 10.7566 ], [ -68.6702, 10.755 ], [ -68.6328, 10.76 ], [ -68.6091, 10.7679 ], [ -68.6022, 10.7687 ], [ -68.5993, 10.7633 ], [ -68.5946, 10.7211 ], [ -68.5929, 10.6761 ], [ -68.5888, 10.6671 ], [ -68.5829, 10.6617 ], [ -68.5981, 10.6562 ], [ -68.6083, 10.6564 ], [ -68.617, 10.661 ], [ -68.6227, 10.6474 ], [ -68.6236, 10.6362 ], [ -68.6213, 10.6179 ], [ -68.6127, 10.5929 ], [ -68.6119, 10.5853 ], [ -68.614, 10.578 ], [ -68.6416, 10.5333 ], [ -68.6443, 10.5251 ], [ -68.6447, 10.5113 ], [ -68.6412, 10.4967 ], [ -68.6442, 10.4933 ], [ -68.6646, 10.4879 ], [ -68.6652, 10.5237 ], [ -68.6616, 10.5379 ], [ -68.673, 10.5507 ], [ -68.698, 10.5849 ], [ -68.7015, 10.5942 ], [ -68.7015, 10.6198 ], [ -68.6987, 10.6533 ], [ -68.7136, 10.6547 ], [ -68.7436, 10.6455 ], [ -68.772, 10.6419 ], [ -68.8176, 10.632 ], [ -68.839, 10.6597 ], [ -68.8674, 10.7078 ] ] ] ] } },
{ "type": "Feature", "properties": { "GID_2": "VEN.24.9_1", "GID_0": "VEN", "COUNTRY": "Venezuela", "GID_1": "VEN.24_1", "NAME_1": "Yaracuy", "NL_NAME_1": "NA", "NAME_2": "Nirgua", "VARNAME_2": "NA", "NL_NAME_2": "NA", "TYPE_2": "Municipio", "ENGTYPE_2": "Municipality", "CC_2": "NA", "HASC_2": "NA", "impact_feature_count": 284, "impact_area_km2": 0.037775256162337373, "pop_total": 59471.902777314186, "pop_exposed": 7723.5546107292175 }, "geometry": { "type": "MultiPolygon", "coordinates": [ [ [ [ -68.3443, 10.3979 ], [ -68.3452, 10.3876 ], [ -68.3406, 10.3668 ], [ -68.3139, 10.3224 ], [ -68.3122, 10.3114 ], [ -68.3155, 10.2978 ], [ -68.3224, 10.2841 ], [ -68.3417, 10.2565 ], [ -68.3592, 10.2227 ], [ -68.3603, 10.1977 ], [ -68.3587, 10.176 ], [ -68.3544, 10.1566 ], [ -68.3415, 10.1081 ], [ -68.3228, 10.0517 ], [ -68.3195, 10.0323 ], [ -68.3217, 10.026 ], [ -68.3369, 10.0197 ], [ -68.3586, 10.016 ], [ -68.3823, 10.0045 ], [ -68.4143, 9.976 ], [ -68.4302, 9.9659 ], [ -68.4675, 9.9493 ], [ -68.4763, 9.9468 ], [ -68.4852, 9.9509 ], [ -68.4905, 9.958 ], [ -68.4925, 9.9894 ], [ -68.4993, 9.9976 ], [ -68.5139, 10.007 ], [ -68.5405, 10.0179 ], [ -68.5601, 10.0197 ], [ -68.5809, 10.0159 ], [ -68.6006, 10.0067 ], [ -68.6183, 9.9912 ], [ -68.6538, 9.9448 ], [ -68.6737, 9.9306 ], [ -68.7021, 9.9183 ], [ -68.7299, 9.9092 ], [ -68.7533, 9.9042 ], [ -68.7887, 9.9 ], [ -68.8289, 9.9022 ], [ -68.8495, 9.9073 ], [ -68.858, 9.9109 ], [ -68.872, 9.9124 ], [ -68.8873, 9.9101 ], [ -68.9111, 9.8966 ], [ -68.9219, 9.8949 ], [ -68.9218, 9.8976 ], [ -68.9287, 9.9027 ], [ -68.9301, 9.9105 ], [ -68.9286, 9.9259 ], [ -68.9193, 9.9498 ], [ -68.9121, 9.9608 ], [ -68.9015, 9.9707 ], [ -68.8714, 9.9864 ], [ -68.8642, 9.9932 ], [ -68.862, 10.0023 ], [ -68.8697, 10.0133 ], [ -68.889, 10.0257 ], [ -68.898, 10.0343 ], [ -68.9064, 10.0485 ], [ -68.9008, 10.0513 ], [ -68.8903, 10.0625 ], [ -68.8854, 10.0794 ], [ -68.8825, 10.1125 ], [ -68.8795, 10.1263 ], [ -68.8712, 10.152 ], [ -68.8629, 10.1605 ], [ -68.8549, 10.165 ], [ -68.8437, 10.1645 ], [ -68.807, 10.1555 ], [ -68.7867, 10.1524 ], [ -68.7722, 10.153 ], [ -68.7606, 10.1558 ], [ -68.7514, 10.1623 ], [ -68.7354, 10.1825 ], [ -68.7247, 10.1907 ], [ -68.7147, 10.1969 ], [ -68.6919, 10.2044 ], [ -68.6837, 10.2092 ], [ -68.6608, 10.2348 ], [ -68.6495, 10.2442 ], [ -68.6204, 10.2617 ], [ -68.6007, 10.2756 ], [ -68.5841, 10.2822 ], [ -68.5726, 10.2819 ], [ -68.5652, 10.279 ], [ -68.549, 10.2655 ], [ -68.5392, 10.262 ], [ -68.4974, 10.265 ], [ -68.4705, 10.2622 ], [ -68.445, 10.2658 ], [ -68.4423, 10.2746 ], [ -68.4528, 10.3131 ], [ -68.4544, 10.3301 ], [ -68.4513, 10.3472 ], [ -68.4359, 10.3717 ], [ -68.4174, 10.3829 ], [ -68.3443, 10.3979 ] ] ] ] } },
{ "type": "Feature", "properties": { "GID_2": "VEN.24.10_1", "GID_0": "VEN", "COUNTRY": "Venezuela", "GID_1": "VEN.24_1", "NAME_1": "Yaracuy", "NL_NAME_1": "NA", "NAME_2": "Peña", "VARNAME_2": "NA", "NL_NAME_2": "NA", "TYPE_2": "Municipio", "ENGTYPE_2": "Municipality", "CC_2": "NA", "HASC_2": "NA", "impact_feature_count": 87, "impact_area_km2": 0.007605704936123398, "pop_total": 109772.56501483917, "pop_exposed": 7305.0551528930664 }, "geometry": { "type": "MultiPolygon", "coordinates": [ [ [ [ -69.1381, 10.2487 ], [ -69.1029, 10.2596 ], [ -69.0804, 10.2735 ], [ -69.0576, 10.3091 ], [ -69.0478, 10.314 ], [ -69.0374, 10.3119 ], [ -69.0279, 10.2971 ], [ -69.0179, 10.2959 ], [ -69.0106, 10.2991 ], [ -69.0028, 10.3091 ], [ -68.9917, 10.3198 ], [ -68.9872, 10.3156 ], [ -68.9834, 10.3025 ], [ -68.9835, 10.2952 ], [ -68.9864, 10.2856 ], [ -68.9967, 10.2668 ], [ -69.0009, 10.2555 ], [ -69.0008, 10.2234 ], [ -68.9955, 10.2102 ], [ -68.9646, 10.1598 ], [ -68.9609, 10.1443 ], [ -68.9582, 10.1211 ], [ -68.9589, 10.0582 ], [ -68.9932, 10.0389 ], [ -69.0065, 10.0332 ], [ -69.0267, 10.0276 ], [ -69.0385, 10.021 ], [ -69.0454, 10.0124 ], [ -69.0471, 10.0033 ], [ -69.0498, 9.9422 ], [ -69.0557, 9.9359 ], [ -69.0621, 9.9389 ], [ -69.0675, 9.9456 ], [ -69.0821, 9.9823 ], [ -69.1019, 10.0157 ], [ -69.104, 10.0323 ], [ -69.0991, 10.0513 ], [ -69.0969, 10.0689 ], [ -69.1, 10.0847 ], [ -69.1108, 10.0955 ], [ -69.1429, 10.1115 ], [ -69.1519, 10.1186 ], [ -69.1725, 10.1583 ], [ -69.1806, 10.1992 ], [ -69.181, 10.2115 ], [ -69.1773, 10.2264 ], [ -69.1689, 10.2363 ], [ -69.1504, 10.2453 ], [ -69.1381, 10.2487 ] ] ] ] } },
{ "type": "Feature", "properties": { "GID_2": "VEN.24.11_1", "GID_0": "VEN", "COUNTRY": "Venezuela", "GID_1": "VEN.24_1", "NAME_1": "Yaracuy", "NL_NAME_1": "NA", "NAME_2": "SanFelipe", "VARNAME_2": "NA", "NL_NAME_2": "NA", "TYPE_2": "Municipio", "ENGTYPE_2": "Municipality", "CC_2": "NA", "HASC_2": "NA", "impact_feature_count": 133, "impact_area_km2": 0.015599318120376952, "pop_total": 101301.86560821533, "pop_exposed": 12109.579048156738 }, "geometry": { "type": "MultiPolygon", "coordinates": [ [ [ [ -68.5829, 10.6617 ], [ -68.5689, 10.6539 ], [ -68.562, 10.6415 ], [ -68.562, 10.6206 ], [ -68.5705, 10.5817 ], [ -68.5335, 10.5266 ], [ -68.5762, 10.4649 ], [ -68.5648, 10.4592 ], [ -68.5629, 10.4156 ], [ -68.561, 10.352 ], [ -68.5667, 10.3225 ], [ -68.5686, 10.2865 ], [ -68.5704, 10.281 ], [ -68.5841, 10.2822 ], [ -68.5898, 10.2806 ], [ -68.6007, 10.2756 ], [ -68.614, 10.2664 ], [ -68.6151, 10.2931 ], [ -68.6132, 10.314 ], [ -68.618, 10.3615 ], [ -68.6398, 10.3814 ], [ -68.6673, 10.4146 ], [ -68.7119, 10.4602 ], [ -68.6813, 10.4817 ], [ -68.6701, 10.4863 ], [ -68.6442, 10.4933 ], [ -68.6412, 10.4967 ], [ -68.6447, 10.5113 ], [ -68.6443, 10.5251 ], [ -68.6416, 10.5333 ], [ -68.614, 10.578 ], [ -68.6119, 10.5853 ], [ -68.6127, 10.5929 ], [ -68.6213, 10.6179 ], [ -68.6236, 10.6362 ], [ -68.6227, 10.6474 ], [ -68.617, 10.661 ], [ -68.6083, 10.6564 ], [ -68.5981, 10.6562 ], [ -68.5829, 10.6617 ] ] ] ] } },
{ "type": "Feature", "properties": { "GID_2": "VEN.24.12_1", "GID_0": "VEN", "COUNTRY": "Venezuela", "GID_1": "VEN.24_1", "NAME_1": "Yaracuy", "NL_NAME_1": "NA", "NAME_2": "Sucre", "VARNAME_2": "NA", "NL_NAME_2": "NA", "TYPE_2": "Municipio", "ENGTYPE_2": "Municipality", "CC_2": "NA", "HASC_2": "NA", "impact_feature_count": 128, "impact_area_km2": 0.018163467359907506, "pop_total": 20650.558110237122, "pop_exposed": 4024.4376525878906 }, "geometry": { "type": "MultiPolygon", "coordinates": [ [ [ [ -68.777, 10.2542 ], [ -68.7799, 10.2623 ], [ -68.7799, 10.2794 ], [ -68.7849, 10.3015 ], [ -68.7935, 10.3179 ], [ -68.8027, 10.3492 ], [ -68.8084, 10.3578 ], [ -68.8134, 10.3578 ], [ -68.8184, 10.3635 ], [ -68.8268, 10.3837 ], [ -68.8194, 10.3899 ], [ -68.8085, 10.3954 ], [ -68.7873, 10.3997 ], [ -68.7753, 10.4047 ], [ -68.7706, 10.4012 ], [ -68.7663, 10.3804 ], [ -68.761, 10.3688 ], [ -68.7504, 10.3543 ], [ -68.7448, 10.3523 ], [ -68.726, 10.3263 ], [ -68.715, 10.3181 ], [ -68.72, 10.2936 ], [ -68.6737, 10.2701 ], [ -68.6431, 10.248 ], [ -68.6608, 10.2348 ], [ -68.6837, 10.2092 ], [ -68.6887, 10.2063 ], [ -68.7362, 10.2444 ], [ -68.7443, 10.2533 ], [ -68.746, 10.258 ], [ -68.7582, 10.2549 ], [ -68.777, 10.2542 ] ] ] ] } },
{ "type": "Feature", "properties": { "GID_2": "VEN.24.13_1", "GID_0": "VEN", "COUNTRY": "Venezuela", "GID_1": "VEN.24_1", "NAME_1": "Yaracuy", "NL_NAME_1": "NA", "NAME_2": "Urachiche", "VARNAME_2": "NA", "NL_NAME_2": "NA", "TYPE_2": "Municipio", "ENGTYPE_2": "Municipality", "CC_2": "NA", "HASC_2": "NA", "impact_feature_count": 24, "impact_area_km2": 0.0017219203702014559, "pop_total": 23584.674091339111, "pop_exposed": 2557.811279296875 }, "geometry": { "type": "MultiPolygon", "coordinates": [ [ [ [ -68.9917, 10.3198 ], [ -68.9904, 10.3209 ], [ -68.9832, 10.3193 ], [ -68.9674, 10.3196 ], [ -68.9555, 10.3227 ], [ -68.9386, 10.3356 ], [ -68.923, 10.3436 ], [ -68.9213, 10.3459 ], [ -68.913, 10.3456 ], [ -68.9103, 10.3439 ], [ -68.9076, 10.3357 ], [ -68.9096, 10.3264 ], [ -68.9152, 10.316 ], [ -68.9269, 10.3014 ], [ -68.9292, 10.2929 ], [ -68.9287, 10.2843 ], [ -68.9146, 10.2714 ], [ -68.9089, 10.263 ], [ -68.8968, 10.2345 ], [ -68.893, 10.2288 ], [ -68.8726, 10.2079 ], [ -68.8524, 10.1921 ], [ -68.8438, 10.1767 ], [ -68.84, 10.1638 ], [ -68.8549, 10.165 ], [ -68.8629, 10.1605 ], [ -68.871, 10.1522 ], [ -68.8778, 10.1641 ], [ -68.8829, 10.1681 ], [ -68.9026, 10.1712 ], [ -68.9132, 10.1767 ], [ -68.9216, 10.1853 ], [ -68.9275, 10.197 ], [ -68.928, 10.2044 ], [ -68.9226, 10.2178 ], [ -68.925, 10.2223 ], [ -68.9356, 10.2236 ], [ -68.9597, 10.2198 ], [ -68.9717, 10.2137 ], [ -68.9895, 10.2005 ], [ -68.9955, 10.2102 ], [ -69.0008, 10.2234 ], [ -69.0015, 10.2352 ], [ -69.0009, 10.2555 ], [ -68.9967, 10.2668 ], [ -68.9864, 10.2856 ], [ -68.9835, 10.2952 ], [ -68.9848, 10.3099 ], [ -68.9872, 10.3156 ], [ -68.9917, 10.3198 ] ] ] ] } },
{ "type": "Feature", "properties": { "GID_2": "VEN.24.14_1", "GID_0": "VEN", "COUNTRY": "Venezuela", "GID_1": "VEN.24_1", "NAME_1": "Yaracuy", "NL_NAME_1": "NA", "NAME_2": "Veroes", "VARNAME_2": "NA", "NL_NAME_2": "NA", "TYPE_2": "Municipio", "ENGTYPE_2": "Municipality", "CC_2": "NA", "HASC_2": "NA", "impact_feature_count": 901, "impact_area_km2": 0.1000707666756645, "pop_total": 29644.768780708313, "pop_exposed": 3178.8824195861816 }, "geometry": { "type": "MultiPolygon", "coordinates": [ [ [ [ -68.3439, 10.4019 ], [ -68.3443, 10.3979 ], [ -68.4174, 10.3829 ], [ -68.4359, 10.3717 ], [ -68.4513, 10.3472 ], [ -68.4544, 10.3301 ], [ -68.4528, 10.3131 ], [ -68.4423, 10.2746 ], [ -68.445, 10.2658 ], [ -68.4705, 10.2622 ], [ -68.4974, 10.265 ], [ -68.5392, 10.262 ], [ -68.549, 10.2655 ], [ -68.5652, 10.279 ], [ -68.5704, 10.281 ], [ -68.5686, 10.2865 ], [ -68.5667, 10.3225 ], [ -68.561, 10.352 ], [ -68.5629, 10.4156 ], [ -68.5648, 10.4592 ], [ -68.5762, 10.4649 ], [ -68.5335, 10.5266 ], [ -68.5705, 10.5817 ], [ -68.562, 10.6206 ], [ -68.562, 10.6415 ], [ -68.5689, 10.6539 ], [ -68.5466, 10.6446 ], [ -68.5272, 10.6394 ], [ -68.4895, 10.6321 ], [ -68.468, 10.6295 ], [ -68.4262, 10.626 ], [ -68.2657, 10.6221 ], [ -68.2399, 10.5827 ], [ -68.2536, 10.584 ], [ -68.2669, 10.5816 ], [ -68.3076, 10.5789 ], [ -68.3159, 10.5759 ], [ -68.3326, 10.545 ], [ -68.329, 10.4794 ], [ -68.3345, 10.452 ], [ -68.3405, 10.4385 ], [ -68.3439, 10.4019 ] ] ] ] } }
]
}
